Workbook

Sheet ตารางเวร
A1: 📋 ตารางเวรพยาบาล | D1: วิธีกรอก: พิมพ์ D หรือ DE ในช่องวันที่เข้าเวร · เว้นว่าง = ไม่เข้าเวร (ขึ้นเขียวเอง)
A2: เดือน | B2: 8 | D2: เติม * ท้ายรหัสถ้าคนนั้นอยู่ "ฝั่งขวา P1" วันนั้น เช่น DE* หรือ D* → ช่องจะกลายเป็นสีส้มให้เอง
A3: ปี พ.ศ. | B3: 2569 | D3: คอลัมน์ "ห้าม T" ใส่ x = คนนั้นจะไม่ถูกสุ่มลงช่อง T เด็ดขาด
A4: เลขสุ่ม | B4: 7 | D4: อยากได้ผลสุ่มฝั่งขวาแบบใหม่ → เปลี่ยน "เลขสุ่ม" เป็นเลขอื่น · พิมพ์เลขเดิมกลับ = ได้ตารางเดิมเป๊ะ
A5: (D) ฝั่งขวา | B5: x | D5: ช่อง "(D) ฝั่งขวา" มี x = ฝั่งขวาต่อท้าย (D) ด้วย · ลบ x ออก = ฝั่งขวาโชว์ชื่อเปล่า (ฝั่งซ้ายมี (D) เสมอ)
C6: =IF(1>DAY(EOMONTH(DATE('ตารางเวร'!$B$3-543,'ตารางเวร'!$B$2,1),0)),"",DATE('ตารางเวร'!$B$3-543,'ตารางเวร'!$B$2,1)) | D6: =IF(2>DAY(EOMONTH(DATE('ตารางเวร'!$B$3-543,'ตารางเวร'!$B$2,1),0)),"",DATE('ตารางเวร'!$B$3-543,'ตารางเวร'!$B$2,2)) | E6: =IF(3>DAY(EOMONTH(DATE('ตารางเวร'!$B$3-543,'ตารางเวร'!$B$2,1),0)),"",DATE('ตารางเวร'!$B$3-543,'ตารางเวร'!$B$2,3)) | F6: =IF(4>DAY(EOMONTH(DATE('ตารางเวร'!$B$3-543,'ตารางเวร'!$B$2,1),0)),"",DATE('ตารางเวร'!$B$3-543,'ตารางเวร'!$B$2,4)) | G6: =IF(5>DAY(EOMONTH(DATE('ตารางเวร'!$B$3-543,'ตารางเวร'!$B$2,1),0)),"",DATE('ตารางเวร'!$B$3-543,'ตารางเวร'!$B$2,5)) | H6: =IF(6>DAY(EOMONTH(DATE('ตารางเวร'!$B$3-543,'ตารางเวร'!$B$2,1),0)),"",DATE('ตารางเวร'!$B$3-543,'ตารางเวร'!$B$2,6)) | I6: =IF(7>DAY(EOMONTH(DATE('ตารางเวร'!$B$3-543,'ตารางเวร'!$B$2,1),0)),"",DATE('ตารางเวร'!$B$3-543,'ตารางเวร'!$B$2,7)) | J6: =IF(8>DAY(EOMONTH(DATE('ตารางเวร'!$B$3-543,'ตารางเวร'!$B$2,1),0)),"",DATE('ตารางเวร'!$B$3-543,'ตารางเวร'!$B$2,8)) | K6: =IF(9>DAY(EOMONTH(DATE('ตารางเวร'!$B$3-543,'ตารางเวร'!$B$2,1),0)),"",DATE('ตารางเวร'!$B$3-543,'ตารางเวร'!$B$2,9)) | L6: =IF(10>DAY(EOMONTH(DATE('ตารางเวร'!$B$3-543,'ตารางเวร'!$B$2,1),0)),"",DATE('ตารางเวร'!$B$3-543,'ตารางเวร'!$B$2,10)) | M6: =IF(11>DAY(EOMONTH(DATE('ตารางเวร'!$B$3-543,'ตารางเวร'!$B$2,1),0)),"",DATE('ตารางเวร'!$B$3-543,'ตารางเวร'!$B$2,11)) | N6: =IF(12>DAY(EOMONTH(DATE('ตารางเวร'!$B$3-543,'ตารางเวร'!$B$2,1),0)),"",DATE('ตารางเวร'!$B$3-543,'ตารางเวร'!$B$2,12)) | O6: =IF(13>DAY(EOMONTH(DATE('ตารางเวร'!$B$3-543,'ตารางเวร'!$B$2,1),0)),"",DATE('ตารางเวร'!$B$3-543,'ตารางเวร'!$B$2,13)) | P6: =IF(14>DAY(EOMONTH(DATE('ตารางเวร'!$B$3-543,'ตารางเวร'!$B$2,1),0)),"",DATE('ตารางเวร'!$B$3-543,'ตารางเวร'!$B$2,14)) | Q6: =IF(15>DAY(EOMONTH(DATE('ตารางเวร'!$B$3-543,'ตารางเวร'!$B$2,1),0)),"",DATE('ตารางเวร'!$B$3-543,'ตารางเวร'!$B$2,15)) | R6: =IF(16>DAY(EOMONTH(DATE('ตารางเวร'!$B$3-543,'ตารางเวร'!$B$2,1),0)),"",DATE('ตารางเวร'!$B$3-543,'ตารางเวร'!$B$2,16)) | S6: =IF(17>DAY(EOMONTH(DATE('ตารางเวร'!$B$3-543,'ตารางเวร'!$B$2,1),0)),"",DATE('ตารางเวร'!$B$3-543,'ตารางเวร'!$B$2,17)) | T6: =IF(18>DAY(EOMONTH(DATE('ตารางเวร'!$B$3-543,'ตารางเวร'!$B$2,1),0)),"",DATE('ตารางเวร'!$B$3-543,'ตารางเวร'!$B$2,18)) | U6: =IF(19>DAY(EOMONTH(DATE('ตารางเวร'!$B$3-543,'ตารางเวร'!$B$2,1),0)),"",DATE('ตารางเวร'!$B$3-543,'ตารางเวร'!$B$2,19)) | V6: =IF(20>DAY(EOMONTH(DATE('ตารางเวร'!$B$3-543,'ตารางเวร'!$B$2,1),0)),"",DATE('ตารางเวร'!$B$3-543,'ตารางเวร'!$B$2,20)) | W6: =IF(21>DAY(EOMONTH(DATE('ตารางเวร'!$B$3-543,'ตารางเวร'!$B$2,1),0)),"",DATE('ตารางเวร'!$B$3-543,'ตารางเวร'!$B$2,21)) | X6: =IF(22>DAY(EOMONTH(DATE('ตารางเวร'!$B$3-543,'ตารางเวร'!$B$2,1),0)),"",DATE('ตารางเวร'!$B$3-543,'ตารางเวร'!$B$2,22)) | Y6: =IF(23>DAY(EOMONTH(DATE('ตารางเวร'!$B$3-543,'ตารางเวร'!$B$2,1),0)),"",DATE('ตารางเวร'!$B$3-543,'ตารางเวร'!$B$2,23)) | Z6: =IF(24>DAY(EOMONTH(DATE('ตารางเวร'!$B$3-543,'ตารางเวร'!$B$2,1),0)),"",DATE('ตารางเวร'!$B$3-543,'ตารางเวร'!$B$2,24)) | AA6: =IF(25>DAY(EOMONTH(DATE('ตารางเวร'!$B$3-543,'ตารางเวร'!$B$2,1),0)),"",DATE('ตารางเวร'!$B$3-543,'ตารางเวร'!$B$2,25)) | AB6: =IF(26>DAY(EOMONTH(DATE('ตารางเวร'!$B$3-543,'ตารางเวร'!$B$2,1),0)),"",DATE('ตารางเวร'!$B$3-543,'ตารางเวร'!$B$2,26)) | AC6: =IF(27>DAY(EOMONTH(DATE('ตารางเวร'!$B$3-543,'ตารางเวร'!$B$2,1),0)),"",DATE('ตารางเวร'!$B$3-543,'ตารางเวร'!$B$2,27)) | AD6: =IF(28>DAY(EOMONTH(DATE('ตารางเวร'!$B$3-543,'ตารางเวร'!$B$2,1),0)),"",DATE('ตารางเวร'!$B$3-543,'ตารางเวร'!$B$2,28)) | AE6: =IF(29>DAY(EOMONTH(DATE('ตารางเวร'!$B$3-543,'ตารางเวร'!$B$2,1),0)),"",DATE('ตารางเวร'!$B$3-543,'ตารางเวร'!$B$2,29)) | AF6: =IF(30>DAY(EOMONTH(DATE('ตารางเวร'!$B$3-543,'ตารางเวร'!$B$2,1),0)),"",DATE('ตารางเวร'!$B$3-543,'ตารางเวร'!$B$2,30)) | AG6: =IF(31>DAY(EOMONTH(DATE('ตารางเวร'!$B$3-543,'ตารางเวร'!$B$2,1),0)),"",DATE('ตารางเวร'!$B$3-543,'ตารางเวร'!$B$2,31))
C7: =IF(C6="",0,IF(OR(WEEKDAY(C6,2)>5,COUNTIF($AJ$10:$AJ$22,1)>0),1,0)) | D7: =IF(D6="",0,IF(OR(WEEKDAY(D6,2)>5,COUNTIF($AJ$10:$AJ$22,2)>0),1,0)) | E7: =IF(E6="",0,IF(OR(WEEKDAY(E6,2)>5,COUNTIF($AJ$10:$AJ$22,3)>0),1,0)) | F7: =IF(F6="",0,IF(OR(WEEKDAY(F6,2)>5,COUNTIF($AJ$10:$AJ$22,4)>0),1,0)) | G7: =IF(G6="",0,IF(OR(WEEKDAY(G6,2)>5,COUNTIF($AJ$10:$AJ$22,5)>0),1,0)) | H7: =IF(H6="",0,IF(OR(WEEKDAY(H6,2)>5,COUNTIF($AJ$10:$AJ$22,6)>0),1,0)) | I7: =IF(I6="",0,IF(OR(WEEKDAY(I6,2)>5,COUNTIF($AJ$10:$AJ$22,7)>0),1,0)) | J7: =IF(J6="",0,IF(OR(WEEKDAY(J6,2)>5,COUNTIF($AJ$10:$AJ$22,8)>0),1,0)) | K7: =IF(K6="",0,IF(OR(WEEKDAY(K6,2)>5,COUNTIF($AJ$10:$AJ$22,9)>0),1,0)) | L7: =IF(L6="",0,IF(OR(WEEKDAY(L6,2)>5,COUNTIF($AJ$10:$AJ$22,10)>0),1,0)) | M7: =IF(M6="",0,IF(OR(WEEKDAY(M6,2)>5,COUNTIF($AJ$10:$AJ$22,11)>0),1,0)) | N7: =IF(N6="",0,IF(OR(WEEKDAY(N6,2)>5,COUNTIF($AJ$10:$AJ$22,12)>0),1,0)) | O7: =IF(O6="",0,IF(OR(WEEKDAY(O6,2)>5,COUNTIF($AJ$10:$AJ$22,13)>0),1,0)) | P7: =IF(P6="",0,IF(OR(WEEKDAY(P6,2)>5,COUNTIF($AJ$10:$AJ$22,14)>0),1,0)) | Q7: =IF(Q6="",0,IF(OR(WEEKDAY(Q6,2)>5,COUNTIF($AJ$10:$AJ$22,15)>0),1,0)) | R7: =IF(R6="",0,IF(OR(WEEKDAY(R6,2)>5,COUNTIF($AJ$10:$AJ$22,16)>0),1,0)) | S7: =IF(S6="",0,IF(OR(WEEKDAY(S6,2)>5,COUNTIF($AJ$10:$AJ$22,17)>0),1,0)) | T7: =IF(T6="",0,IF(OR(WEEKDAY(T6,2)>5,COUNTIF($AJ$10:$AJ$22,18)>0),1,0)) | U7: =IF(U6="",0,IF(OR(WEEKDAY(U6,2)>5,COUNTIF($AJ$10:$AJ$22,19)>0),1,0)) | V7: =IF(V6="",0,IF(OR(WEEKDAY(V6,2)>5,COUNTIF($AJ$10:$AJ$22,20)>0),1,0)) | W7: =IF(W6="",0,IF(OR(WEEKDAY(W6,2)>5,COUNTIF($AJ$10:$AJ$22,21)>0),1,0)) | X7: =IF(X6="",0,IF(OR(WEEKDAY(X6,2)>5,COUNTIF($AJ$10:$AJ$22,22)>0),1,0)) | Y7: =IF(Y6="",0,IF(OR(WEEKDAY(Y6,2)>5,COUNTIF($AJ$10:$AJ$22,23)>0),1,0)) | Z7: =IF(Z6="",0,IF(OR(WEEKDAY(Z6,2)>5,COUNTIF($AJ$10:$AJ$22,24)>0),1,0)) | AA7: =IF(AA6="",0,IF(OR(WEEKDAY(AA6,2)>5,COUNTIF($AJ$10:$AJ$22,25)>0),1,0)) | AB7: =IF(AB6="",0,IF(OR(WEEKDAY(AB6,2)>5,COUNTIF($AJ$10:$AJ$22,26)>0),1,0)) | AC7: =IF(AC6="",0,IF(OR(WEEKDAY(AC6,2)>5,COUNTIF($AJ$10:$AJ$22,27)>0),1,0)) | AD7: =IF(AD6="",0,IF(OR(WEEKDAY(AD6,2)>5,COUNTIF($AJ$10:$AJ$22,28)>0),1,0)) | AE7: =IF(AE6="",0,IF(OR(WEEKDAY(AE6,2)>5,COUNTIF($AJ$10:$AJ$22,29)>0),1,0)) | AF7: =IF(AF6="",0,IF(OR(WEEKDAY(AF6,2)>5,COUNTIF($AJ$10:$AJ$22,30)>0),1,0)) | AG7: =IF(AG6="",0,IF(OR(WEEKDAY(AG6,2)>5,COUNTIF($AJ$10:$AJ$22,31)>0),1,0))
A8: ชื่อ-สกุล | B8: ห้าม T | C8: =IF(C6="","",1) | D8: =IF(D6="","",2) | E8: =IF(E6="","",3) | F8: =IF(F6="","",4) | G8: =IF(G6="","",5) | H8: =IF(H6="","",6) | I8: =IF(I6="","",7) | J8: =IF(J6="","",8) | K8: =IF(K6="","",9) | L8: =IF(L6="","",10) | M8: =IF(M6="","",11) | N8: =IF(N6="","",12) | O8: =IF(O6="","",13) | P8: =IF(P6="","",14) | Q8: =IF(Q6="","",15) | R8: =IF(R6="","",16) | S8: =IF(S6="","",17) | T8: =IF(T6="","",18) | U8: =IF(U6="","",19) | V8: =IF(V6="","",20) | W8: =IF(W6="","",21) | X8: =IF(X6="","",22) | Y8: =IF(Y6="","",23) | Z8: =IF(Z6="","",24) | AA8: =IF(AA6="","",25) | AB8: =IF(AB6="","",26) | AC8: =IF(AC6="","",27) | AD8: =IF(AD6="","",28) | AE8: =IF(AE6="","",29) | AF8: =IF(AF6="","",30) | AG8: =IF(AG6="","",31) | AJ8: วันหยุด | AL8: ⚙️ ตั้งค่า
C9: =IF(C6="","",CHOOSE(WEEKDAY(C6),"อา","จ","อ","พ","พฤ","ศ","ส")) | D9: =IF(D6="","",CHOOSE(WEEKDAY(D6),"อา","จ","อ","พ","พฤ","ศ","ส")) | E9: =IF(E6="","",CHOOSE(WEEKDAY(E6),"อา","จ","อ","พ","พฤ","ศ","ส")) | F9: =IF(F6="","",CHOOSE(WEEKDAY(F6),"อา","จ","อ","พ","พฤ","ศ","ส")) | G9: =IF(G6="","",CHOOSE(WEEKDAY(G6),"อา","จ","อ","พ","พฤ","ศ","ส")) | H9: =IF(H6="","",CHOOSE(WEEKDAY(H6),"อา","จ","อ","พ","พฤ","ศ","ส")) | I9: =IF(I6="","",CHOOSE(WEEKDAY(I6),"อา","จ","อ","พ","พฤ","ศ","ส")) | J9: =IF(J6="","",CHOOSE(WEEKDAY(J6),"อา","จ","อ","พ","พฤ","ศ","ส")) | ... AG9: =IF(AG6="","",CHOOSE(WEEKDAY(AG6),"อา","จ","อ","พ","พฤ","ศ","ส")) | AJ9: (เลขวันที่)
A10: สมหญิง | AJ10: 12 | AO10: จันทร์
A11: วราภรณ์ | AL11: ฝั่ง P1 หยุดวัน | AM11: พฤหัสบดี | AO11: อังคาร
A12: ประไพ* | AO12: พุธ
A13: นภาพร | AL13: ชื่อช่องฝั่ง P1 | AO13: พฤหัสบดี
A14: กัลยา | AL14: ช่องที่ 1 | AM14: T | AO14: ศุกร์
A15: ศิริพร | AL15: ช่องที่ 2 | AM15: ซ1 | AO15: เสาร์
A16: ธนากร | AL16: ช่องที่ 3 | AM16: ซ2 | AO16: อาทิตย์
A17: มาลี | AL17: ช่องที่ 4 | AM17: ก | AO17: (ไม่หยุด)
A18: รุ่งทิพย์ | B18: x
A19: ปิยะดา
A20: จันทร์เพ็ญ | B20: x
A21: สุดารัตน์

Sheet คำนวณ
A1: ชีตช่วยคำนวณ — ห้ามแก้ด้วยมือ
A2: วันที่
A3: 1 | B3: =IF(1>DAY(EOMONTH(DATE('ตารางเวร'!$B$3-543,'ตารางเวร'!$B$2,1),0)),0,1) | C3: =IF($B3=0,"",IFERROR(TRIM(INDEX('ตารางเวร'!$C$10:$AG$29,1,$A3)),"")) | D3: =IF($B3=0,"",IFERROR(TRIM(INDEX('ตารางเวร'!$C$10:$AG$29,2,$A3)),"")) | E3: =IF($B3=0,"",IFERROR(TRIM(INDEX('ตารางเวร'!$C$10:$AG$29,3,$A3)),"")) | F3: =IF($B3=0,"",IFERROR(TRIM(INDEX('ตารางเวร'!$C$10:$AG$29,4,$A3)),"")) | G3: =IF($B3=0,"",IFERROR(TRIM(INDEX('ตารางเวร'!$C$10:$AG$29,5,$A3)),"")) | H3: =IF($B3=0,"",IFERROR(TRIM(INDEX('ตารางเวร'!$C$10:$AG$29,6,$A3)),"")) | I3: =IF($B3=0,"",IFERROR(TRIM(INDEX('ตารางเวร'!$C$10:$AG$29,7,$A3)),"")) | J3: =IF($B3=0,"",IFERROR(TRIM(INDEX('ตารางเวร'!$C$10:$AG$29,8,$A3)),"")) | K3: =IF($B3=0,"",IFERROR(TRIM(INDEX('ตารางเวร'!$C$10:$AG$29,9,$A3)),"")) | L3: =IF($B3=0,"",IFERROR(TRIM(INDEX('ตารางเวร'!$C$10:$AG$29,10,$A3)),"")) | M3: =IF($B3=0,"",IFERROR(TRIM(INDEX('ตารางเวร'!$C$10:$AG$29,11,$A3)),"")) | N3: =IF($B3=0,"",IFERROR(TRIM(INDEX('ตารางเวร'!$C$10:$AG$29,12,$A3)),"")) | O3: =IF($B3=0,"",IFERROR(TRIM(INDEX('ตารางเวร'!$C$10:$AG$29,13,$A3)),"")) | P3: =IF($B3=0,"",IFERROR(TRIM(INDEX('ตารางเวร'!$C$10:$AG$29,14,$A3)),"")) | Q3: =IF($B3=0,"",IFERROR(TRIM(INDEX('ตารางเวร'!$C$10:$AG$29,15,$A3)),"")) | R3: =IF($B3=0,"",IFERROR(TRIM(INDEX('ตารางเวร'!$C$10:$AG$29,16,$A3)),"")) | S3: =IF($B3=0,"",IFERROR(TRIM(INDEX('ตารางเวร'!$C$10:$AG$29,17,$A3)),"")) | T3: =IF($B3=0,"",IFERROR(TRIM(INDEX('ตารางเวร'!$C$10:$AG$29,18,$A3)),"")) | U3: =IF($B3=0,"",IFERROR(TRIM(INDEX('ตารางเวร'!$C$10:$AG$29,19,$A3)),"")) | V3: =IF($B3=0,"",IFERROR(TRIM(INDEX('ตารางเวร'!$C$10:$AG$29,20,$A3)),"")) | W3: =IF(AND($B3=1,C3<>"",ISNUMBER(FIND("*",C3))),MOD((MOD('ตารางเวร'!$B$4,9973)*7919+$A3*40289)*(1*104729+7919),99991)*100+1,999999999) | X3: =IF(AND($B3=1,D3<>"",ISNUMBER(FIND("*",D3))),MOD((MOD('ตารางเวร'!$B$4,9973)*7919+$A3*40289)*(2*104729+7919),99991)*100+2,999999999) | Y3: =IF(AND($B3=1,E3<>"",ISNUMBER(FIND("*",E3))),MOD((MOD('ตารางเวร'!$B$4,9973)*7919+$A3*40289)*(3*104729+7919),99991)*100+3,999999999) | Z3: =IF(AND($B3=1,F3<>"",ISNUMBER(FIND("*",F3))),MOD((MOD('ตารางเวร'!$B$4,9973)*7919+$A3*40289)*(4*104729+7919),99991)*100+4,999999999) | AA3: =IF(AND($B3=1,G3<>"",ISNUMBER(FIND("*",G3))),MOD((MOD('ตารางเวร'!$B$4,9973)*7919+$A3*40289)*(5*104729+7919),99991)*100+5,999999999) | AB3: =IF(AND($B3=1,H3<>"",ISNUMBER(FIND("*",H3))),MOD((MOD('ตารางเวร'!$B$4,9973)*7919+$A3*40289)*(6*104729+7919),99991)*100+6,999999999) | AC3: =IF(AND($B3=1,I3<>"",ISNUMBER(FIND("*",I3))),MOD((MOD('ตารางเวร'!$B$4,9973)*7919+$A3*40289)*(7*104729+7919),99991)*100+7,999999999) | AD3: =IF(AND($B3=1,J3<>"",ISNUMBER(FIND("*",J3))),MOD((MOD('ตารางเวร'!$B$4,9973)*7919+$A3*40289)*(8*104729+7919),99991)*100+8,999999999) | AE3: =IF(AND($B3=1,K3<>"",ISNUMBER(FIND("*",K3))),MOD((MOD('ตารางเวร'!$B$4,9973)*7919+$A3*40289)*(9*104729+7919),99991)*100+9,999999999) | AF3: =IF(AND($B3=1,L3<>"",ISNUMBER(FIND("*",L3))),MOD((MOD('ตารางเวร'!$B$4,9973)*7919+$A3*40289)*(10*104729+7919),99991)*100+10,999999999) | AG3: =IF(AND($B3=1,M3<>"",ISNUMBER(FIND("*",M3))),MOD((MOD('ตารางเวร'!$B$4,9973)*7919+$A3*40289)*(11*104729+7919),99991)*100+11,999999999) | AH3: =IF(AND($B3=1,N3<>"",ISNUMBER(FIND("*",N3))),MOD((MOD('ตารางเวร'!$B$4,9973)*7919+$A3*40289)*(12*104729+7919),99991)*100+12,999999999) | AI3: =IF(AND($B3=1,O3<>"",ISNUMBER(FIND("*",O3))),MOD((MOD('ตารางเวร'!$B$4,9973)*7919+$A3*40289)*(13*104729+7919),99991)*100+13,999999999) | AJ3: =IF(AND($B3=1,P3<>"",ISNUMBER(FIND("*",P3))),MOD((MOD('ตารางเวร'!$B$4,9973)*7919+$A3*40289)*(14*104729+7919),99991)*100+14,999999999) | AK3: =IF(AND($B3=1,Q3<>"",ISNUMBER(FIND("*",Q3))),MOD((MOD('ตารางเวร'!$B$4,9973)*7919+$A3*40289)*(15*104729+7919),99991)*100+15,999999999) | AL3: =IF(AND($B3=1,R3<>"",ISNUMBER(FIND("*",R3))),MOD((MOD('ตารางเวร'!$B$4,9973)*7919+$A3*40289)*(16*104729+7919),99991)*100+16,999999999) | AM3: =IF(AND($B3=1,S3<>"",ISNUMBER(FIND("*",S3))),MOD((MOD('ตารางเวร'!$B$4,9973)*7919+$A3*40289)*(17*104729+7919),99991)*100+17,999999999) | AN3: =IF(AND($B3=1,T3<>"",ISNUMBER(FIND("*",T3))),MOD((MOD('ตารางเวร'!$B$4,9973)*7919+$A3*40289)*(18*104729+7919),99991)*100+18,999999999) | AO3: =IF(AND($B3=1,U3<>"",ISNUMBER(FIND("*",U3))),MOD((MOD('ตารางเวร'!$B$4,9973)*7919+$A3*40289)*(19*104729+7919),99991)*100+19,999999999) | AP3: =IF(AND($B3=1,V3<>"",ISNUMBER(FIND("*",V3))),MOD((MOD('ตารางเวร'!$B$4,9973)*7919+$A3*40289)*(20*104729+7919),99991)*100+20,999999999) | AQ3: =IF(TRIM('ตารางเวร'!$B$10)<>"",999999999,W3) | AR3: =IF(TRIM('ตารางเวร'!$B$11)<>"",999999999,X3) | AS3: =IF(TRIM('ตารางเวร'!$B$12)<>"",999999999,Y3) | AT3: =IF(TRIM('ตารางเวร'!$B$13)<>"",999999999,Z3) | AU3: =IF(TRIM('ตารางเวร'!$B$14)<>"",999999999,AA3) | AV3: =IF(TRIM('ตารางเวร'!$B$15)<>"",999999999,AB3) | AW3: =IF(TRIM('ตารางเวร'!$B$16)<>"",999999999,AC3) | AX3: =IF(TRIM('ตารางเวร'!$B$17)<>"",999999999,AD3) | AY3: =IF(TRIM('ตารางเวร'!$B$18)<>"",999999999,AE3) | AZ3: =IF(TRIM('ตารางเวร'!$B$19)<>"",999999999,AF3) | BA3: =IF(TRIM('ตารางเวร'!$B$20)<>"",999999999,AG3) | BB3: =IF(TRIM('ตารางเวร'!$B$21)<>"",999999999,AH3) | BC3: =IF(TRIM('ตารางเวร'!$B$22)<>"",999999999,AI3) | BD3: =IF(TRIM('ตารางเวร'!$B$23)<>"",999999999,AJ3) | BE3: =IF(TRIM('ตารางเวร'!$B$24)<>"",999999999,AK3) | BF3: =IF(TRIM('ตารางเวร'!$B$25)<>"",999999999,AL3) | BG3: =IF(TRIM('ตารางเวร'!$B$26)<>"",999999999,AM3) | BH3: =IF(TRIM('ตารางเวร'!$B$27)<>"",999999999,AN3) | BI3: =IF(TRIM('ตารางเวร'!$B$28)<>"",999999999,AO3) | BJ3: =IF(TRIM('ตารางเวร'!$B$29)<>"",999999999,AP3) | BK3: =IF(AND($B3=1,C3<>"",NOT(ISNUMBER(FIND("*",C3)))),1,999999) | BL3: =IF(AND($B3=1,D3<>"",NOT(ISNUMBER(FIND("*",D3)))),2,999999) | BM3: =IF(AND($B3=1,E3<>"",NOT(ISNUMBER(FIND("*",E3)))),3,999999) | BN3: =IF(AND($B3=1,F3<>"",NOT(ISNUMBER(FIND("*",F3)))),4,999999) | BO3: =IF(AND($B3=1,G3<>"",NOT(ISNUMBER(FIND("*",G3)))),5,999999) | BP3: =IF(AND($B3=1,H3<>"",NOT(ISNUMBER(FIND("*",H3)))),6,999999) | BQ3: =IF(AND($B3=1,I3<>"",NOT(ISNUMBER(FIND("*",I3)))),7,999999) | BR3: =IF(AND($B3=1,J3<>"",NOT(ISNUMBER(FIND("*",J3)))),8,999999) | BS3: =IF(AND($B3=1,K3<>"",NOT(ISNUMBER(FIND("*",K3)))),9,999999) | BT3: =IF(AND($B3=1,L3<>"",NOT(ISNUMBER(FIND("*",L3)))),10,999999) | BU3: =IF(AND($B3=1,M3<>"",NOT(ISNUMBER(FIND("*",M3)))),11,999999) | BV3: =IF(AND($B3=1,N3<>"",NOT(ISNUMBER(FIND("*",N3)))),12,999999) | BW3: =IF(AND($B3=1,O3<>"",NOT(ISNUMBER(FIND("*",O3)))),13,999999) | BX3: =IF(AND($B3=1,P3<>"",NOT(ISNUMBER(FIND("*",P3)))),14,999999) | BY3: =IF(AND($B3=1,Q3<>"",NOT(ISNUMBER(FIND("*",Q3)))),15,999999) | BZ3: =IF(AND($B3=1,R3<>"",NOT(ISNUMBER(FIND("*",R3)))),16,999999) | CA3: =IF(AND($B3=1,S3<>"",NOT(ISNUMBER(FIND("*",S3)))),17,999999) | CB3: =IF(AND($B3=1,T3<>"",NOT(ISNUMBER(FIND("*",T3)))),18,999999) | CC3: =IF(AND($B3=1,U3<>"",NOT(ISNUMBER(FIND("*",U3)))),19,999999) | CD3: =IF(AND($B3=1,V3<>"",NOT(ISNUMBER(FIND("*",V3)))),20,999999) | CE3: =IF(MIN(AQ3:BJ3)>=999999999,0,MATCH(MIN(AQ3:BJ3),AQ3:BJ3,0)) | CF3: =IF($CE3=1,999999999,W3) | CG3: =IF($CE3=2,999999999,X3) | CH3: =IF($CE3=3,999999999,Y3) | CI3: =IF($CE3=4,999999999,Z3) | CJ3: =IF($CE3=5,999999999,AA3) | CK3: =IF($CE3=6,999999999,AB3) | CL3: =IF($CE3=7,999999999,AC3) | CM3: =IF($CE3=8,999999999,AD3) | CN3: =IF($CE3=9,999999999,AE3) | CO3: =IF($CE3=10,999999999,AF3) | CP3: =IF($CE3=11,999999999,AG3) | CQ3: =IF($CE3=12,999999999,AH3) | CR3: =IF($CE3=13,999999999,AI3) | CS3: =IF($CE3=14,999999999,AJ3) | CT3: =IF($CE3=15,999999999,AK3) | CU3: =IF($CE3=16,999999999,AL3) | CV3: =IF($CE3=17,999999999,AM3) | CW3: =IF($CE3=18,999999999,AN3) | CX3: =IF($CE3=19,999999999,AO3) | CY3: =IF($CE3=20,999999999,AP3) | CZ3: =COUNTIF(W3:AP3,"<999999999") | DA3: =COUNTIF(BK3:CD3,"<999999") | DB3: =$CZ3-IF($CE3>0,1,0) | DC3: =IF(OR($B3=0,C3=""),0,0+1) | DD3: =IF(OR($B3=0,D3=""),0,0+1) | DE3: =IF(OR($B3=0,E3=""),0,0+1) | DF3: =IF(OR($B3=0,F3=""),0,0+1) | DG3: =IF(OR($B3=0,G3=""),0,0+1) | DH3: =IF(OR($B3=0,H3=""),0,0+1) | DI3: =IF(OR($B3=0,I3=""),0,0+1) | DJ3: =IF(OR($B3=0,J3=""),0,0+1) | ... DV3: =IF(OR($B3=0,V3=""),0,0+1) | DW3: ='ตารางเวร'!C$7 | DX3: =IF($B3=0,0,IF(WEEKDAY('ตารางเวร'!C$6,2)=IFERROR(MATCH('ตารางเวร'!$AM$11,'ตารางเวร'!$AO$10:$AO$17,0),0),1,0))
A4: 2 | B4: =IF(2>DAY(EOMONTH(DATE('ตารางเวร'!$B$3-543,'ตารางเวร'!$B$2,1),0)),0,1) | C4: =IF($B4=0,"",IFERROR(TRIM(INDEX('ตารางเวร'!$C$10:$AG$29,1,$A4)),"")) | D4: =IF($B4=0,"",IFERROR(TRIM(INDEX('ตารางเวร'!$C$10:$AG$29,2,$A4)),"")) | E4: =IF($B4=0,"",IFERROR(TRIM(INDEX('ตารางเวร'!$C$10:$AG$29,3,$A4)),"")) | F4: =IF($B4=0,"",IFERROR(TRIM(INDEX('ตารางเวร'!$C$10:$AG$29,4,$A4)),"")) | G4: =IF($B4=0,"",IFERROR(TRIM(INDEX('ตารางเวร'!$C$10:$AG$29,5,$A4)),"")) | H4: =IF($B4=0,"",IFERROR(TRIM(INDEX('ตารางเวร'!$C$10:$AG$29,6,$A4)),"")) | I4: =IF($B4=0,"",IFERROR(TRIM(INDEX('ตารางเวร'!$C$10:$AG$29,7,$A4)),"")) | J4: =IF($B4=0,"",IFERROR(TRIM(INDEX('ตารางเวร'!$C$10:$AG$29,8,$A4)),"")) | K4: =IF($B4=0,"",IFERROR(TRIM(INDEX('ตารางเวร'!$C$10:$AG$29,9,$A4)),"")) | L4: =IF($B4=0,"",IFERROR(TRIM(INDEX('ตารางเวร'!$C$10:$AG$29,10,$A4)),"")) | M4: =IF($B4=0,"",IFERROR(TRIM(INDEX('ตารางเวร'!$C$10:$AG$29,11,$A4)),"")) | N4: =IF($B4=0,"",IFERROR(TRIM(INDEX('ตารางเวร'!$C$10:$AG$29,12,$A4)),"")) | O4: =IF($B4=0,"",IFERROR(TRIM(INDEX('ตารางเวร'!$C$10:$AG$29,13,$A4)),"")) | P4: =IF($B4=0,"",IFERROR(TRIM(INDEX('ตารางเวร'!$C$10:$AG$29,14,$A4)),"")) | Q4: =IF($B4=0,"",IFERROR(TRIM(INDEX('ตารางเวร'!$C$10:$AG$29,15,$A4)),"")) | R4: =IF($B4=0,"",IFERROR(TRIM(INDEX('ตารางเวร'!$C$10:$AG$29,16,$A4)),"")) | S4: =IF($B4=0,"",IFERROR(TRIM(INDEX('ตารางเวร'!$C$10:$AG$29,17,$A4)),"")) | T4: =IF($B4=0,"",IFERROR(TRIM(INDEX('ตารางเวร'!$C$10:$AG$29,18,$A4)),"")) | U4: =IF($B4=0,"",IFERROR(TRIM(INDEX('ตารางเวร'!$C$10:$AG$29,19,$A4)),"")) | V4: =IF($B4=0,"",IFERROR(TRIM(INDEX('ตารางเวร'!$C$10:$AG$29,20,$A4)),"")) | W4: =IF(AND($B4=1,C4<>"",ISNUMBER(FIND("*",C4))),MOD((MOD('ตารางเวร'!$B$4,9973)*7919+$A4*40289)*(1*104729+7919),99991)*100+1,999999999) | X4: =IF(AND($B4=1,D4<>"",ISNUMBER(FIND("*",D4))),MOD((MOD('ตารางเวร'!$B$4,9973)*7919+$A4*40289)*(2*104729+7919),99991)*100+2,999999999) | Y4: =IF(AND($B4=1,E4<>"",ISNUMBER(FIND("*",E4))),MOD((MOD('ตารางเวร'!$B$4,9973)*7919+$A4*40289)*(3*104729+7919),99991)*100+3,999999999) | Z4: =IF(AND($B4=1,F4<>"",ISNUMBER(FIND("*",F4))),MOD((MOD('ตารางเวร'!$B$4,9973)*7919+$A4*40289)*(4*104729+7919),99991)*100+4,999999999) | AA4: =IF(AND($B4=1,G4<>"",ISNUMBER(FIND("*",G4))),MOD((MOD('ตารางเวร'!$B$4,9973)*7919+$A4*40289)*(5*104729+7919),99991)*100+5,999999999) | AB4: =IF(AND($B4=1,H4<>"",ISNUMBER(FIND("*",H4))),MOD((MOD('ตารางเวร'!$B$4,9973)*7919+$A4*40289)*(6*104729+7919),99991)*100+6,999999999) | AC4: =IF(AND($B4=1,I4<>"",ISNUMBER(FIND("*",I4))),MOD((MOD('ตารางเวร'!$B$4,9973)*7919+$A4*40289)*(7*104729+7919),99991)*100+7,999999999) | AD4: =IF(AND($B4=1,J4<>"",ISNUMBER(FIND("*",J4))),MOD((MOD('ตารางเวร'!$B$4,9973)*7919+$A4*40289)*(8*104729+7919),99991)*100+8,999999999) | AE4: =IF(AND($B4=1,K4<>"",ISNUMBER(FIND("*",K4))),MOD((MOD('ตารางเวร'!$B$4,9973)*7919+$A4*40289)*(9*104729+7919),99991)*100+9,999999999) | AF4: =IF(AND($B4=1,L4<>"",ISNUMBER(FIND("*",L4))),MOD((MOD('ตารางเวร'!$B$4,9973)*7919+$A4*40289)*(10*104729+7919),99991)*100+10,999999999) | AG4: =IF(AND($B4=1,M4<>"",ISNUMBER(FIND("*",M4))),MOD((MOD('ตารางเวร'!$B$4,9973)*7919+$A4*40289)*(11*104729+7919),99991)*100+11,999999999) | AH4: =IF(AND($B4=1,N4<>"",ISNUMBER(FIND("*",N4))),MOD((MOD('ตารางเวร'!$B$4,9973)*7919+$A4*40289)*(12*104729+7919),99991)*100+12,999999999) | AI4: =IF(AND($B4=1,O4<>"",ISNUMBER(FIND("*",O4))),MOD((MOD('ตารางเวร'!$B$4,9973)*7919+$A4*40289)*(13*104729+7919),99991)*100+13,999999999) | AJ4: =IF(AND($B4=1,P4<>"",ISNUMBER(FIND("*",P4))),MOD((MOD('ตารางเวร'!$B$4,9973)*7919+$A4*40289)*(14*104729+7919),99991)*100+14,999999999) | AK4: =IF(AND($B4=1,Q4<>"",ISNUMBER(FIND("*",Q4))),MOD((MOD('ตารางเวร'!$B$4,9973)*7919+$A4*40289)*(15*104729+7919),99991)*100+15,999999999) | AL4: =IF(AND($B4=1,R4<>"",ISNUMBER(FIND("*",R4))),MOD((MOD('ตารางเวร'!$B$4,9973)*7919+$A4*40289)*(16*104729+7919),99991)*100+16,999999999) | AM4: =IF(AND($B4=1,S4<>"",ISNUMBER(FIND("*",S4))),MOD((MOD('ตารางเวร'!$B$4,9973)*7919+$A4*40289)*(17*104729+7919),99991)*100+17,999999999) | AN4: =IF(AND($B4=1,T4<>"",ISNUMBER(FIND("*",T4))),MOD((MOD('ตารางเวร'!$B$4,9973)*7919+$A4*40289)*(18*104729+7919),99991)*100+18,999999999) | AO4: =IF(AND($B4=1,U4<>"",ISNUMBER(FIND("*",U4))),MOD((MOD('ตารางเวร'!$B$4,9973)*7919+$A4*40289)*(19*104729+7919),99991)*100+19,999999999) | AP4: =IF(AND($B4=1,V4<>"",ISNUMBER(FIND("*",V4))),MOD((MOD('ตารางเวร'!$B$4,9973)*7919+$A4*40289)*(20*104729+7919),99991)*100+20,999999999) | AQ4: =IF(TRIM('ตารางเวร'!$B$10)<>"",999999999,W4) | AR4: =IF(TRIM('ตารางเวร'!$B$11)<>"",999999999,X4) | AS4: =IF(TRIM('ตารางเวร'!$B$12)<>"",999999999,Y4) | AT4: =IF(TRIM('ตารางเวร'!$B$13)<>"",999999999,Z4) | AU4: =IF(TRIM('ตารางเวร'!$B$14)<>"",999999999,AA4) | AV4: =IF(TRIM('ตารางเวร'!$B$15)<>"",999999999,AB4) | AW4: =IF(TRIM('ตารางเวร'!$B$16)<>"",999999999,AC4) | AX4: =IF(TRIM('ตารางเวร'!$B$17)<>"",999999999,AD4) | AY4: =IF(TRIM('ตารางเวร'!$B$18)<>"",999999999,AE4) | AZ4: =IF(TRIM('ตารางเวร'!$B$19)<>"",999999999,AF4) | BA4: =IF(TRIM('ตารางเวร'!$B$20)<>"",999999999,AG4) | BB4: =IF(TRIM('ตารางเวร'!$B$21)<>"",999999999,AH4) | BC4: =IF(TRIM('ตารางเวร'!$B$22)<>"",999999999,AI4) | BD4: =IF(TRIM('ตารางเวร'!$B$23)<>"",999999999,AJ4) | BE4: =IF(TRIM('ตารางเวร'!$B$24)<>"",999999999,AK4) | BF4: =IF(TRIM('ตารางเวร'!$B$25)<>"",999999999,AL4) | BG4: =IF(TRIM('ตารางเวร'!$B$26)<>"",999999999,AM4) | BH4: =IF(TRIM('ตารางเวร'!$B$27)<>"",999999999,AN4) | BI4: =IF(TRIM('ตารางเวร'!$B$28)<>"",999999999,AO4) | BJ4: =IF(TRIM('ตารางเวร'!$B$29)<>"",999999999,AP4) | BK4: =IF(AND($B4=1,C4<>"",NOT(ISNUMBER(FIND("*",C4)))),1,999999) | BL4: =IF(AND($B4=1,D4<>"",NOT(ISNUMBER(FIND("*",D4)))),2,999999) | BM4: =IF(AND($B4=1,E4<>"",NOT(ISNUMBER(FIND("*",E4)))),3,999999) | BN4: =IF(AND($B4=1,F4<>"",NOT(ISNUMBER(FIND("*",F4)))),4,999999) | BO4: =IF(AND($B4=1,G4<>"",NOT(ISNUMBER(FIND("*",G4)))),5,999999) | BP4: =IF(AND($B4=1,H4<>"",NOT(ISNUMBER(FIND("*",H4)))),6,999999) | BQ4: =IF(AND($B4=1,I4<>"",NOT(ISNUMBER(FIND("*",I4)))),7,999999) | BR4: =IF(AND($B4=1,J4<>"",NOT(ISNUMBER(FIND("*",J4)))),8,999999) | BS4: =IF(AND($B4=1,K4<>"",NOT(ISNUMBER(FIND("*",K4)))),9,999999) | BT4: =IF(AND($B4=1,L4<>"",NOT(ISNUMBER(FIND("*",L4)))),10,999999) | BU4: =IF(AND($B4=1,M4<>"",NOT(ISNUMBER(FIND("*",M4)))),11,999999) | BV4: =IF(AND($B4=1,N4<>"",NOT(ISNUMBER(FIND("*",N4)))),12,999999) | BW4: =IF(AND($B4=1,O4<>"",NOT(ISNUMBER(FIND("*",O4)))),13,999999) | BX4: =IF(AND($B4=1,P4<>"",NOT(ISNUMBER(FIND("*",P4)))),14,999999) | BY4: =IF(AND($B4=1,Q4<>"",NOT(ISNUMBER(FIND("*",Q4)))),15,999999) | BZ4: =IF(AND($B4=1,R4<>"",NOT(ISNUMBER(FIND("*",R4)))),16,999999) | CA4: =IF(AND($B4=1,S4<>"",NOT(ISNUMBER(FIND("*",S4)))),17,999999) | CB4: =IF(AND($B4=1,T4<>"",NOT(ISNUMBER(FIND("*",T4)))),18,999999) | CC4: =IF(AND($B4=1,U4<>"",NOT(ISNUMBER(FIND("*",U4)))),19,999999) | CD4: =IF(AND($B4=1,V4<>"",NOT(ISNUMBER(FIND("*",V4)))),20,999999) | CE4: =IF(MIN(AQ4:BJ4)>=999999999,0,MATCH(MIN(AQ4:BJ4),AQ4:BJ4,0)) | CF4: =IF($CE4=1,999999999,W4) | CG4: =IF($CE4=2,999999999,X4) | CH4: =IF($CE4=3,999999999,Y4) | CI4: =IF($CE4=4,999999999,Z4) | CJ4: =IF($CE4=5,999999999,AA4) | CK4: =IF($CE4=6,999999999,AB4) | CL4: =IF($CE4=7,999999999,AC4) | CM4: =IF($CE4=8,999999999,AD4) | CN4: =IF($CE4=9,999999999,AE4) | CO4: =IF($CE4=10,999999999,AF4) | CP4: =IF($CE4=11,999999999,AG4) | CQ4: =IF($CE4=12,999999999,AH4) | CR4: =IF($CE4=13,999999999,AI4) | CS4: =IF($CE4=14,999999999,AJ4) | CT4: =IF($CE4=15,999999999,AK4) | CU4: =IF($CE4=16,999999999,AL4) | CV4: =IF($CE4=17,999999999,AM4) | CW4: =IF($CE4=18,999999999,AN4) | CX4: =IF($CE4=19,999999999,AO4) | CY4: =IF($CE4=20,999999999,AP4) | CZ4: =COUNTIF(W4:AP4,"<999999999") | DA4: =COUNTIF(BK4:CD4,"<999999") | DB4: =$CZ4-IF($CE4>0,1,0) | DC4: =IF(OR($B4=0,C4=""),0,DC3+1) | DD4: =IF(OR($B4=0,D4=""),0,DD3+1) | DE4: =IF(OR($B4=0,E4=""),0,DE3+1) | DF4: =IF(OR($B4=0,F4=""),0,DF3+1) | DG4: =IF(OR($B4=0,G4=""),0,DG3+1) | DH4: =IF(OR($B4=0,H4=""),0,DH3+1) | DI4: =IF(OR($B4=0,I4=""),0,DI3+1) | DJ4: =IF(OR($B4=0,J4=""),0,DJ3+1) | ... DV4: =IF(OR($B4=0,V4=""),0,DV3+1) | DW4: ='ตารางเวร'!D$7 | DX4: =IF($B4=0,0,IF(WEEKDAY('ตารางเวร'!D$6,2)=IFERROR(MATCH('ตารางเวร'!$AM$11,'ตารางเวร'!$AO$10:$AO$17,0),0),1,0))
A5: 3 | B5: =IF(3>DAY(EOMONTH(DATE('ตารางเวร'!$B$3-543,'ตารางเวร'!$B$2,1),0)),0,1) | C5: =IF($B5=0,"",IFERROR(TRIM(INDEX('ตารางเวร'!$C$10:$AG$29,1,$A5)),"")) | D5: =IF($B5=0,"",IFERROR(TRIM(INDEX('ตารางเวร'!$C$10:$AG$29,2,$A5)),"")) | E5: =IF($B5=0,"",IFERROR(TRIM(INDEX('ตารางเวร'!$C$10:$AG$29,3,$A5)),"")) | F5: =IF($B5=0,"",IFERROR(TRIM(INDEX('ตารางเวร'!$C$10:$AG$29,4,$A5)),"")) | G5: =IF($B5=0,"",IFERROR(TRIM(INDEX('ตารางเวร'!$C$10:$AG$29,5,$A5)),"")) | H5: =IF($B5=0,"",IFERROR(TRIM(INDEX('ตารางเวร'!$C$10:$AG$29,6,$A5)),"")) | I5: =IF($B5=0,"",IFERROR(TRIM(INDEX('ตารางเวร'!$C$10:$AG$29,7,$A5)),"")) | J5: =IF($B5=0,"",IFERROR(TRIM(INDEX('ตารางเวร'!$C$10:$AG$29,8,$A5)),"")) | K5: =IF($B5=0,"",IFERROR(TRIM(INDEX('ตารางเวร'!$C$10:$AG$29,9,$A5)),"")) | L5: =IF($B5=0,"",IFERROR(TRIM(INDEX('ตารางเวร'!$C$10:$AG$29,10,$A5)),"")) | M5: =IF($B5=0,"",IFERROR(TRIM(INDEX('ตารางเวร'!$C$10:$AG$29,11,$A5)),"")) | N5: =IF($B5=0,"",IFERROR(TRIM(INDEX('ตารางเวร'!$C$10:$AG$29,12,$A5)),"")) | O5: =IF($B5=0,"",IFERROR(TRIM(INDEX('ตารางเวร'!$C$10:$AG$29,13,$A5)),"")) | P5: =IF($B5=0,"",IFERROR(TRIM(INDEX('ตารางเวร'!$C$10:$AG$29,14,$A5)),"")) | Q5: =IF($B5=0,"",IFERROR(TRIM(INDEX('ตารางเวร'!$C$10:$AG$29,15,$A5)),"")) | R5: =IF($B5=0,"",IFERROR(TRIM(INDEX('ตารางเวร'!$C$10:$AG$29,16,$A5)),"")) | S5: =IF($B5=0,"",IFERROR(TRIM(INDEX('ตารางเวร'!$C$10:$AG$29,17,$A5)),"")) | T5: =IF($B5=0,"",IFERROR(TRIM(INDEX('ตารางเวร'!$C$10:$AG$29,18,$A5)),"")) | U5: =IF($B5=0,"",IFERROR(TRIM(INDEX('ตารางเวร'!$C$10:$AG$29,19,$A5)),"")) | V5: =IF($B5=0,"",IFERROR(TRIM(INDEX('ตารางเวร'!$C$10:$AG$29,20,$A5)),"")) | W5: =IF(AND($B5=1,C5<>"",ISNUMBER(FIND("*",C5))),MOD((MOD('ตารางเวร'!$B$4,9973)*7919+$A5*40289)*(1*104729+7919),99991)*100+1,999999999) | X5: =IF(AND($B5=1,D5<>"",ISNUMBER(FIND("*",D5))),MOD((MOD('ตารางเวร'!$B$4,9973)*7919+$A5*40289)*(2*104729+7919),99991)*100+2,999999999) | Y5: =IF(AND($B5=1,E5<>"",ISNUMBER(FIND("*",E5))),MOD((MOD('ตารางเวร'!$B$4,9973)*7919+$A5*40289)*(3*104729+7919),99991)*100+3,999999999) | Z5: =IF(AND($B5=1,F5<>"",ISNUMBER(FIND("*",F5))),MOD((MOD('ตารางเวร'!$B$4,9973)*7919+$A5*40289)*(4*104729+7919),99991)*100+4,999999999) | AA5: =IF(AND($B5=1,G5<>"",ISNUMBER(FIND("*",G5))),MOD((MOD('ตารางเวร'!$B$4,9973)*7919+$A5*40289)*(5*104729+7919),99991)*100+5,999999999) | AB5: =IF(AND($B5=1,H5<>"",ISNUMBER(FIND("*",H5))),MOD((MOD('ตารางเวร'!$B$4,9973)*7919+$A5*40289)*(6*104729+7919),99991)*100+6,999999999) | AC5: =IF(AND($B5=1,I5<>"",ISNUMBER(FIND("*",I5))),MOD((MOD('ตารางเวร'!$B$4,9973)*7919+$A5*40289)*(7*104729+7919),99991)*100+7,999999999) | AD5: =IF(AND($B5=1,J5<>"",ISNUMBER(FIND("*",J5))),MOD((MOD('ตารางเวร'!$B$4,9973)*7919+$A5*40289)*(8*104729+7919),99991)*100+8,999999999) | AE5: =IF(AND($B5=1,K5<>"",ISNUMBER(FIND("*",K5))),MOD((MOD('ตารางเวร'!$B$4,9973)*7919+$A5*40289)*(9*104729+7919),99991)*100+9,999999999) | AF5: =IF(AND($B5=1,L5<>"",ISNUMBER(FIND("*",L5))),MOD((MOD('ตารางเวร'!$B$4,9973)*7919+$A5*40289)*(10*104729+7919),99991)*100+10,999999999) | AG5: =IF(AND($B5=1,M5<>"",ISNUMBER(FIND("*",M5))),MOD((MOD('ตารางเวร'!$B$4,9973)*7919+$A5*40289)*(11*104729+7919),99991)*100+11,999999999) | AH5: =IF(AND($B5=1,N5<>"",ISNUMBER(FIND("*",N5))),MOD((MOD('ตารางเวร'!$B$4,9973)*7919+$A5*40289)*(12*104729+7919),99991)*100+12,999999999) | AI5: =IF(AND($B5=1,O5<>"",ISNUMBER(FIND("*",O5))),MOD((MOD('ตารางเวร'!$B$4,9973)*7919+$A5*40289)*(13*104729+7919),99991)*100+13,999999999) | AJ5: =IF(AND($B5=1,P5<>"",ISNUMBER(FIND("*",P5))),MOD((MOD('ตารางเวร'!$B$4,9973)*7919+$A5*40289)*(14*104729+7919),99991)*100+14,999999999) | AK5: =IF(AND($B5=1,Q5<>"",ISNUMBER(FIND("*",Q5))),MOD((MOD('ตารางเวร'!$B$4,9973)*7919+$A5*40289)*(15*104729+7919),99991)*100+15,999999999) | AL5: =IF(AND($B5=1,R5<>"",ISNUMBER(FIND("*",R5))),MOD((MOD('ตารางเวร'!$B$4,9973)*7919+$A5*40289)*(16*104729+7919),99991)*100+16,999999999) | AM5: =IF(AND($B5=1,S5<>"",ISNUMBER(FIND("*",S5))),MOD((MOD('ตารางเวร'!$B$4,9973)*7919+$A5*40289)*(17*104729+7919),99991)*100+17,999999999) | AN5: =IF(AND($B5=1,T5<>"",ISNUMBER(FIND("*",T5))),MOD((MOD('ตารางเวร'!$B$4,9973)*7919+$A5*40289)*(18*104729+7919),99991)*100+18,999999999) | AO5: =IF(AND($B5=1,U5<>"",ISNUMBER(FIND("*",U5))),MOD((MOD('ตารางเวร'!$B$4,9973)*7919+$A5*40289)*(19*104729+7919),99991)*100+19,999999999) | AP5: =IF(AND($B5=1,V5<>"",ISNUMBER(FIND("*",V5))),MOD((MOD('ตารางเวร'!$B$4,9973)*7919+$A5*40289)*(20*104729+7919),99991)*100+20,999999999) | AQ5: =IF(TRIM('ตารางเวร'!$B$10)<>"",999999999,W5) | AR5: =IF(TRIM('ตารางเวร'!$B$11)<>"",999999999,X5) | AS5: =IF(TRIM('ตารางเวร'!$B$12)<>"",999999999,Y5) | AT5: =IF(TRIM('ตารางเวร'!$B$13)<>"",999999999,Z5) | AU5: =IF(TRIM('ตารางเวร'!$B$14)<>"",999999999,AA5) | AV5: =IF(TRIM('ตารางเวร'!$B$15)<>"",999999999,AB5) | AW5: =IF(TRIM('ตารางเวร'!$B$16)<>"",999999999,AC5) | AX5: =IF(TRIM('ตารางเวร'!$B$17)<>"",999999999,AD5) | AY5: =IF(TRIM('ตารางเวร'!$B$18)<>"",999999999,AE5) | AZ5: =IF(TRIM('ตารางเวร'!$B$19)<>"",999999999,AF5) | BA5: =IF(TRIM('ตารางเวร'!$B$20)<>"",999999999,AG5) | BB5: =IF(TRIM('ตารางเวร'!$B$21)<>"",999999999,AH5) | BC5: =IF(TRIM('ตารางเวร'!$B$22)<>"",999999999,AI5) | BD5: =IF(TRIM('ตารางเวร'!$B$23)<>"",999999999,AJ5) | BE5: =IF(TRIM('ตารางเวร'!$B$24)<>"",999999999,AK5) | BF5: =IF(TRIM('ตารางเวร'!$B$25)<>"",999999999,AL5) | BG5: =IF(TRIM('ตารางเวร'!$B$26)<>"",999999999,AM5) | BH5: =IF(TRIM('ตารางเวร'!$B$27)<>"",999999999,AN5) | BI5: =IF(TRIM('ตารางเวร'!$B$28)<>"",999999999,AO5) | BJ5: =IF(TRIM('ตารางเวร'!$B$29)<>"",999999999,AP5) | BK5: =IF(AND($B5=1,C5<>"",NOT(ISNUMBER(FIND("*",C5)))),1,999999) | BL5: =IF(AND($B5=1,D5<>"",NOT(ISNUMBER(FIND("*",D5)))),2,999999) | BM5: =IF(AND($B5=1,E5<>"",NOT(ISNUMBER(FIND("*",E5)))),3,999999) | BN5: =IF(AND($B5=1,F5<>"",NOT(ISNUMBER(FIND("*",F5)))),4,999999) | BO5: =IF(AND($B5=1,G5<>"",NOT(ISNUMBER(FIND("*",G5)))),5,999999) | BP5: =IF(AND($B5=1,H5<>"",NOT(ISNUMBER(FIND("*",H5)))),6,999999) | BQ5: =IF(AND($B5=1,I5<>"",NOT(ISNUMBER(FIND("*",I5)))),7,999999) | BR5: =IF(AND($B5=1,J5<>"",NOT(ISNUMBER(FIND("*",J5)))),8,999999) | BS5: =IF(AND($B5=1,K5<>"",NOT(ISNUMBER(FIND("*",K5)))),9,999999) | BT5: =IF(AND($B5=1,L5<>"",NOT(ISNUMBER(FIND("*",L5)))),10,999999) | BU5: =IF(AND($B5=1,M5<>"",NOT(ISNUMBER(FIND("*",M5)))),11,999999) | BV5: =IF(AND($B5=1,N5<>"",NOT(ISNUMBER(FIND("*",N5)))),12,999999) | BW5: =IF(AND($B5=1,O5<>"",NOT(ISNUMBER(FIND("*",O5)))),13,999999) | BX5: =IF(AND($B5=1,P5<>"",NOT(ISNUMBER(FIND("*",P5)))),14,999999) | BY5: =IF(AND($B5=1,Q5<>"",NOT(ISNUMBER(FIND("*",Q5)))),15,999999) | BZ5: =IF(AND($B5=1,R5<>"",NOT(ISNUMBER(FIND("*",R5)))),16,999999) | CA5: =IF(AND($B5=1,S5<>"",NOT(ISNUMBER(FIND("*",S5)))),17,999999) | CB5: =IF(AND($B5=1,T5<>"",NOT(ISNUMBER(FIND("*",T5)))),18,999999) | CC5: =IF(AND($B5=1,U5<>"",NOT(ISNUMBER(FIND("*",U5)))),19,999999) | CD5: =IF(AND($B5=1,V5<>"",NOT(ISNUMBER(FIND("*",V5)))),20,999999) | CE5: =IF(MIN(AQ5:BJ5)>=999999999,0,MATCH(MIN(AQ5:BJ5),AQ5:BJ5,0)) | CF5: =IF($CE5=1,999999999,W5) | CG5: =IF($CE5=2,999999999,X5) | CH5: =IF($CE5=3,999999999,Y5) | CI5: =IF($CE5=4,999999999,Z5) | CJ5: =IF($CE5=5,999999999,AA5) | CK5: =IF($CE5=6,999999999,AB5) | CL5: =IF($CE5=7,999999999,AC5) | CM5: =IF($CE5=8,999999999,AD5) | CN5: =IF($CE5=9,999999999,AE5) | CO5: =IF($CE5=10,999999999,AF5) | CP5: =IF($CE5=11,999999999,AG5) | CQ5: =IF($CE5=12,999999999,AH5) | CR5: =IF($CE5=13,999999999,AI5) | CS5: =IF($CE5=14,999999999,AJ5) | CT5: =IF($CE5=15,999999999,AK5) | CU5: =IF($CE5=16,999999999,AL5) | CV5: =IF($CE5=17,999999999,AM5) | CW5: =IF($CE5=18,999999999,AN5) | CX5: =IF($CE5=19,999999999,AO5) | CY5: =IF($CE5=20,999999999,AP5) | CZ5: =COUNTIF(W5:AP5,"<999999999") | DA5: =COUNTIF(BK5:CD5,"<999999") | DB5: =$CZ5-IF($CE5>0,1,0) | DC5: =IF(OR($B5=0,C5=""),0,DC4+1) | DD5: =IF(OR($B5=0,D5=""),0,DD4+1) | DE5: =IF(OR($B5=0,E5=""),0,DE4+1) | DF5: =IF(OR($B5=0,F5=""),0,DF4+1) | DG5: =IF(OR($B5=0,G5=""),0,DG4+1) | DH5: =IF(OR($B5=0,H5=""),0,DH4+1) | DI5: =IF(OR($B5=0,I5=""),0,DI4+1) | DJ5: =IF(OR($B5=0,J5=""),0,DJ4+1) | ... DV5: =IF(OR($B5=0,V5=""),0,DV4+1) | DW5: ='ตารางเวร'!E$7 | DX5: =IF($B5=0,0,IF(WEEKDAY('ตารางเวร'!E$6,2)=IFERROR(MATCH('ตารางเวร'!$AM$11,'ตารางเวร'!$AO$10:$AO$17,0),0),1,0))
A6: 4 | B6: =IF(4>DAY(EOMONTH(DATE('ตารางเวร'!$B$3-543,'ตารางเวร'!$B$2,1),0)),0,1) | C6: =IF($B6=0,"",IFERROR(TRIM(INDEX('ตารางเวร'!$C$10:$AG$29,1,$A6)),"")) | D6: =IF($B6=0,"",IFERROR(TRIM(INDEX('ตารางเวร'!$C$10:$AG$29,2,$A6)),"")) | E6: =IF($B6=0,"",IFERROR(TRIM(INDEX('ตารางเวร'!$C$10:$AG$29,3,$A6)),"")) | F6: =IF($B6=0,"",IFERROR(TRIM(INDEX('ตารางเวร'!$C$10:$AG$29,4,$A6)),"")) | G6: =IF($B6=0,"",IFERROR(TRIM(INDEX('ตารางเวร'!$C$10:$AG$29,5,$A6)),"")) | H6: =IF($B6=0,"",IFERROR(TRIM(INDEX('ตารางเวร'!$C$10:$AG$29,6,$A6)),"")) | I6: =IF($B6=0,"",IFERROR(TRIM(INDEX('ตารางเวร'!$C$10:$AG$29,7,$A6)),"")) | J6: =IF($B6=0,"",IFERROR(TRIM(INDEX('ตารางเวร'!$C$10:$AG$29,8,$A6)),"")) | K6: =IF($B6=0,"",IFERROR(TRIM(INDEX('ตารางเวร'!$C$10:$AG$29,9,$A6)),"")) | L6: =IF($B6=0,"",IFERROR(TRIM(INDEX('ตารางเวร'!$C$10:$AG$29,10,$A6)),"")) | M6: =IF($B6=0,"",IFERROR(TRIM(INDEX('ตารางเวร'!$C$10:$AG$29,11,$A6)),"")) | N6: =IF($B6=0,"",IFERROR(TRIM(INDEX('ตารางเวร'!$C$10:$AG$29,12,$A6)),"")) | O6: =IF($B6=0,"",IFERROR(TRIM(INDEX('ตารางเวร'!$C$10:$AG$29,13,$A6)),"")) | P6: =IF($B6=0,"",IFERROR(TRIM(INDEX('ตารางเวร'!$C$10:$AG$29,14,$A6)),"")) | Q6: =IF($B6=0,"",IFERROR(TRIM(INDEX('ตารางเวร'!$C$10:$AG$29,15,$A6)),"")) | R6: =IF($B6=0,"",IFERROR(TRIM(INDEX('ตารางเวร'!$C$10:$AG$29,16,$A6)),"")) | S6: =IF($B6=0,"",IFERROR(TRIM(INDEX('ตารางเวร'!$C$10:$AG$29,17,$A6)),"")) | T6: =IF($B6=0,"",IFERROR(TRIM(INDEX('ตารางเวร'!$C$10:$AG$29,18,$A6)),"")) | U6: =IF($B6=0,"",IFERROR(TRIM(INDEX('ตารางเวร'!$C$10:$AG$29,19,$A6)),"")) | V6: =IF($B6=0,"",IFERROR(TRIM(INDEX('ตารางเวร'!$C$10:$AG$29,20,$A6)),"")) | W6: =IF(AND($B6=1,C6<>"",ISNUMBER(FIND("*",C6))),MOD((MOD('ตารางเวร'!$B$4,9973)*7919+$A6*40289)*(1*104729+7919),99991)*100+1,999999999) | X6: =IF(AND($B6=1,D6<>"",ISNUMBER(FIND("*",D6))),MOD((MOD('ตารางเวร'!$B$4,9973)*7919+$A6*40289)*(2*104729+7919),99991)*100+2,999999999) | Y6: =IF(AND($B6=1,E6<>"",ISNUMBER(FIND("*",E6))),MOD((MOD('ตารางเวร'!$B$4,9973)*7919+$A6*40289)*(3*104729+7919),99991)*100+3,999999999) | Z6: =IF(AND($B6=1,F6<>"",ISNUMBER(FIND("*",F6))),MOD((MOD('ตารางเวร'!$B$4,9973)*7919+$A6*40289)*(4*104729+7919),99991)*100+4,999999999) | AA6: =IF(AND($B6=1,G6<>"",ISNUMBER(FIND("*",G6))),MOD((MOD('ตารางเวร'!$B$4,9973)*7919+$A6*40289)*(5*104729+7919),99991)*100+5,999999999) | AB6: =IF(AND($B6=1,H6<>"",ISNUMBER(FIND("*",H6))),MOD((MOD('ตารางเวร'!$B$4,9973)*7919+$A6*40289)*(6*104729+7919),99991)*100+6,999999999) | AC6: =IF(AND($B6=1,I6<>"",ISNUMBER(FIND("*",I6))),MOD((MOD('ตารางเวร'!$B$4,9973)*7919+$A6*40289)*(7*104729+7919),99991)*100+7,999999999) | AD6: =IF(AND($B6=1,J6<>"",ISNUMBER(FIND("*",J6))),MOD((MOD('ตารางเวร'!$B$4,9973)*7919+$A6*40289)*(8*104729+7919),99991)*100+8,999999999) | AE6: =IF(AND($B6=1,K6<>"",ISNUMBER(FIND("*",K6))),MOD((MOD('ตารางเวร'!$B$4,9973)*7919+$A6*40289)*(9*104729+7919),99991)*100+9,999999999) | AF6: =IF(AND($B6=1,L6<>"",ISNUMBER(FIND("*",L6))),MOD((MOD('ตารางเวร'!$B$4,9973)*7919+$A6*40289)*(10*104729+7919),99991)*100+10,999999999) | AG6: =IF(AND($B6=1,M6<>"",ISNUMBER(FIND("*",M6))),MOD((MOD('ตารางเวร'!$B$4,9973)*7919+$A6*40289)*(11*104729+7919),99991)*100+11,999999999) | AH6: =IF(AND($B6=1,N6<>"",ISNUMBER(FIND("*",N6))),MOD((MOD('ตารางเวร'!$B$4,9973)*7919+$A6*40289)*(12*104729+7919),99991)*100+12,999999999) | AI6: =IF(AND($B6=1,O6<>"",ISNUMBER(FIND("*",O6))),MOD((MOD('ตารางเวร'!$B$4,9973)*7919+$A6*40289)*(13*104729+7919),99991)*100+13,999999999) | AJ6: =IF(AND($B6=1,P6<>"",ISNUMBER(FIND("*",P6))),MOD((MOD('ตารางเวร'!$B$4,9973)*7919+$A6*40289)*(14*104729+7919),99991)*100+14,999999999) | AK6: =IF(AND($B6=1,Q6<>"",ISNUMBER(FIND("*",Q6))),MOD((MOD('ตารางเวร'!$B$4,9973)*7919+$A6*40289)*(15*104729+7919),99991)*100+15,999999999) | AL6: =IF(AND($B6=1,R6<>"",ISNUMBER(FIND("*",R6))),MOD((MOD('ตารางเวร'!$B$4,9973)*7919+$A6*40289)*(16*104729+7919),99991)*100+16,999999999) | AM6: =IF(AND($B6=1,S6<>"",ISNUMBER(FIND("*",S6))),MOD((MOD('ตารางเวร'!$B$4,9973)*7919+$A6*40289)*(17*104729+7919),99991)*100+17,999999999) | AN6: =IF(AND($B6=1,T6<>"",ISNUMBER(FIND("*",T6))),MOD((MOD('ตารางเวร'!$B$4,9973)*7919+$A6*40289)*(18*104729+7919),99991)*100+18,999999999) | AO6: =IF(AND($B6=1,U6<>"",ISNUMBER(FIND("*",U6))),MOD((MOD('ตารางเวร'!$B$4,9973)*7919+$A6*40289)*(19*104729+7919),99991)*100+19,999999999) | AP6: =IF(AND($B6=1,V6<>"",ISNUMBER(FIND("*",V6))),MOD((MOD('ตารางเวร'!$B$4,9973)*7919+$A6*40289)*(20*104729+7919),99991)*100+20,999999999) | AQ6: =IF(TRIM('ตารางเวร'!$B$10)<>"",999999999,W6) | AR6: =IF(TRIM('ตารางเวร'!$B$11)<>"",999999999,X6) | AS6: =IF(TRIM('ตารางเวร'!$B$12)<>"",999999999,Y6) | AT6: =IF(TRIM('ตารางเวร'!$B$13)<>"",999999999,Z6) | AU6: =IF(TRIM('ตารางเวร'!$B$14)<>"",999999999,AA6) | AV6: =IF(TRIM('ตารางเวร'!$B$15)<>"",999999999,AB6) | AW6: =IF(TRIM('ตารางเวร'!$B$16)<>"",999999999,AC6) | AX6: =IF(TRIM('ตารางเวร'!$B$17)<>"",999999999,AD6) | AY6: =IF(TRIM('ตารางเวร'!$B$18)<>"",999999999,AE6) | AZ6: =IF(TRIM('ตารางเวร'!$B$19)<>"",999999999,AF6) | BA6: =IF(TRIM('ตารางเวร'!$B$20)<>"",999999999,AG6) | BB6: =IF(TRIM('ตารางเวร'!$B$21)<>"",999999999,AH6) | BC6: =IF(TRIM('ตารางเวร'!$B$22)<>"",999999999,AI6) | BD6: =IF(TRIM('ตารางเวร'!$B$23)<>"",999999999,AJ6) | BE6: =IF(TRIM('ตารางเวร'!$B$24)<>"",999999999,AK6) | BF6: =IF(TRIM('ตารางเวร'!$B$25)<>"",999999999,AL6) | BG6: =IF(TRIM('ตารางเวร'!$B$26)<>"",999999999,AM6) | BH6: =IF(TRIM('ตารางเวร'!$B$27)<>"",999999999,AN6) | BI6: =IF(TRIM('ตารางเวร'!$B$28)<>"",999999999,AO6) | BJ6: =IF(TRIM('ตารางเวร'!$B$29)<>"",999999999,AP6) | BK6: =IF(AND($B6=1,C6<>"",NOT(ISNUMBER(FIND("*",C6)))),1,999999) | BL6: =IF(AND($B6=1,D6<>"",NOT(ISNUMBER(FIND("*",D6)))),2,999999) | BM6: =IF(AND($B6=1,E6<>"",NOT(ISNUMBER(FIND("*",E6)))),3,999999) | BN6: =IF(AND($B6=1,F6<>"",NOT(ISNUMBER(FIND("*",F6)))),4,999999) | BO6: =IF(AND($B6=1,G6<>"",NOT(ISNUMBER(FIND("*",G6)))),5,999999) | BP6: =IF(AND($B6=1,H6<>"",NOT(ISNUMBER(FIND("*",H6)))),6,999999) | BQ6: =IF(AND($B6=1,I6<>"",NOT(ISNUMBER(FIND("*",I6)))),7,999999) | BR6: =IF(AND($B6=1,J6<>"",NOT(ISNUMBER(FIND("*",J6)))),8,999999) | BS6: =IF(AND($B6=1,K6<>"",NOT(ISNUMBER(FIND("*",K6)))),9,999999) | BT6: =IF(AND($B6=1,L6<>"",NOT(ISNUMBER(FIND("*",L6)))),10,999999) | BU6: =IF(AND($B6=1,M6<>"",NOT(ISNUMBER(FIND("*",M6)))),11,999999) | BV6: =IF(AND($B6=1,N6<>"",NOT(ISNUMBER(FIND("*",N6)))),12,999999) | BW6: =IF(AND($B6=1,O6<>"",NOT(ISNUMBER(FIND("*",O6)))),13,999999) | BX6: =IF(AND($B6=1,P6<>"",NOT(ISNUMBER(FIND("*",P6)))),14,999999) | BY6: =IF(AND($B6=1,Q6<>"",NOT(ISNUMBER(FIND("*",Q6)))),15,999999) | BZ6: =IF(AND($B6=1,R6<>"",NOT(ISNUMBER(FIND("*",R6)))),16,999999) | CA6: =IF(AND($B6=1,S6<>"",NOT(ISNUMBER(FIND("*",S6)))),17,999999) | CB6: =IF(AND($B6=1,T6<>"",NOT(ISNUMBER(FIND("*",T6)))),18,999999) | CC6: =IF(AND($B6=1,U6<>"",NOT(ISNUMBER(FIND("*",U6)))),19,999999) | CD6: =IF(AND($B6=1,V6<>"",NOT(ISNUMBER(FIND("*",V6)))),20,999999) | CE6: =IF(MIN(AQ6:BJ6)>=999999999,0,MATCH(MIN(AQ6:BJ6),AQ6:BJ6,0)) | CF6: =IF($CE6=1,999999999,W6) | CG6: =IF($CE6=2,999999999,X6) | CH6: =IF($CE6=3,999999999,Y6) | CI6: =IF($CE6=4,999999999,Z6) | CJ6: =IF($CE6=5,999999999,AA6) | CK6: =IF($CE6=6,999999999,AB6) | CL6: =IF($CE6=7,999999999,AC6) | CM6: =IF($CE6=8,999999999,AD6) | CN6: =IF($CE6=9,999999999,AE6) | CO6: =IF($CE6=10,999999999,AF6) | CP6: =IF($CE6=11,999999999,AG6) | CQ6: =IF($CE6=12,999999999,AH6) | CR6: =IF($CE6=13,999999999,AI6) | CS6: =IF($CE6=14,999999999,AJ6) | CT6: =IF($CE6=15,999999999,AK6) | CU6: =IF($CE6=16,999999999,AL6) | CV6: =IF($CE6=17,999999999,AM6) | CW6: =IF($CE6=18,999999999,AN6) | CX6: =IF($CE6=19,999999999,AO6) | CY6: =IF($CE6=20,999999999,AP6) | CZ6: =COUNTIF(W6:AP6,"<999999999") | DA6: =COUNTIF(BK6:CD6,"<999999") | DB6: =$CZ6-IF($CE6>0,1,0) | DC6: =IF(OR($B6=0,C6=""),0,DC5+1) | DD6: =IF(OR($B6=0,D6=""),0,DD5+1) | DE6: =IF(OR($B6=0,E6=""),0,DE5+1) | DF6: =IF(OR($B6=0,F6=""),0,DF5+1) | DG6: =IF(OR($B6=0,G6=""),0,DG5+1) | DH6: =IF(OR($B6=0,H6=""),0,DH5+1) | DI6: =IF(OR($B6=0,I6=""),0,DI5+1) | DJ6: =IF(OR($B6=0,J6=""),0,DJ5+1) | ... DV6: =IF(OR($B6=0,V6=""),0,DV5+1) | DW6: ='ตารางเวร'!F$7 | DX6: =IF($B6=0,0,IF(WEEKDAY('ตารางเวร'!F$6,2)=IFERROR(MATCH('ตารางเวร'!$AM$11,'ตารางเวร'!$AO$10:$AO$17,0),0),1,0))
A7: 5 | B7: =IF(5>DAY(EOMONTH(DATE('ตารางเวร'!$B$3-543,'ตารางเวร'!$B$2,1),0)),0,1) | C7: =IF($B7=0,"",IFERROR(TRIM(INDEX('ตารางเวร'!$C$10:$AG$29,1,$A7)),"")) | D7: =IF($B7=0,"",IFERROR(TRIM(INDEX('ตารางเวร'!$C$10:$AG$29,2,$A7)),"")) | E7: =IF($B7=0,"",IFERROR(TRIM(INDEX('ตารางเวร'!$C$10:$AG$29,3,$A7)),"")) | F7: =IF($B7=0,"",IFERROR(TRIM(INDEX('ตารางเวร'!$C$10:$AG$29,4,$A7)),"")) | G7: =IF($B7=0,"",IFERROR(TRIM(INDEX('ตารางเวร'!$C$10:$AG$29,5,$A7)),"")) | H7: =IF($B7=0,"",IFERROR(TRIM(INDEX('ตารางเวร'!$C$10:$AG$29,6,$A7)),"")) | I7: =IF($B7=0,"",IFERROR(TRIM(INDEX('ตารางเวร'!$C$10:$AG$29,7,$A7)),"")) | J7: =IF($B7=0,"",IFERROR(TRIM(INDEX('ตารางเวร'!$C$10:$AG$29,8,$A7)),"")) | K7: =IF($B7=0,"",IFERROR(TRIM(INDEX('ตารางเวร'!$C$10:$AG$29,9,$A7)),"")) | L7: =IF($B7=0,"",IFERROR(TRIM(INDEX('ตารางเวร'!$C$10:$AG$29,10,$A7)),"")) | M7: =IF($B7=0,"",IFERROR(TRIM(INDEX('ตารางเวร'!$C$10:$AG$29,11,$A7)),"")) | N7: =IF($B7=0,"",IFERROR(TRIM(INDEX('ตารางเวร'!$C$10:$AG$29,12,$A7)),"")) | O7: =IF($B7=0,"",IFERROR(TRIM(INDEX('ตารางเวร'!$C$10:$AG$29,13,$A7)),"")) | P7: =IF($B7=0,"",IFERROR(TRIM(INDEX('ตารางเวร'!$C$10:$AG$29,14,$A7)),"")) | Q7: =IF($B7=0,"",IFERROR(TRIM(INDEX('ตารางเวร'!$C$10:$AG$29,15,$A7)),"")) | R7: =IF($B7=0,"",IFERROR(TRIM(INDEX('ตารางเวร'!$C$10:$AG$29,16,$A7)),"")) | S7: =IF($B7=0,"",IFERROR(TRIM(INDEX('ตารางเวร'!$C$10:$AG$29,17,$A7)),"")) | T7: =IF($B7=0,"",IFERROR(TRIM(INDEX('ตารางเวร'!$C$10:$AG$29,18,$A7)),"")) | U7: =IF($B7=0,"",IFERROR(TRIM(INDEX('ตารางเวร'!$C$10:$AG$29,19,$A7)),"")) | V7: =IF($B7=0,"",IFERROR(TRIM(INDEX('ตารางเวร'!$C$10:$AG$29,20,$A7)),"")) | W7: =IF(AND($B7=1,C7<>"",ISNUMBER(FIND("*",C7))),MOD((MOD('ตารางเวร'!$B$4,9973)*7919+$A7*40289)*(1*104729+7919),99991)*100+1,999999999) | X7: =IF(AND($B7=1,D7<>"",ISNUMBER(FIND("*",D7))),MOD((MOD('ตารางเวร'!$B$4,9973)*7919+$A7*40289)*(2*104729+7919),99991)*100+2,999999999) | Y7: =IF(AND($B7=1,E7<>"",ISNUMBER(FIND("*",E7))),MOD((MOD('ตารางเวร'!$B$4,9973)*7919+$A7*40289)*(3*104729+7919),99991)*100+3,999999999) | Z7: =IF(AND($B7=1,F7<>"",ISNUMBER(FIND("*",F7))),MOD((MOD('ตารางเวร'!$B$4,9973)*7919+$A7*40289)*(4*104729+7919),99991)*100+4,999999999) | AA7: =IF(AND($B7=1,G7<>"",ISNUMBER(FIND("*",G7))),MOD((MOD('ตารางเวร'!$B$4,9973)*7919+$A7*40289)*(5*104729+7919),99991)*100+5,999999999) | AB7: =IF(AND($B7=1,H7<>"",ISNUMBER(FIND("*",H7))),MOD((MOD('ตารางเวร'!$B$4,9973)*7919+$A7*40289)*(6*104729+7919),99991)*100+6,999999999) | AC7: =IF(AND($B7=1,I7<>"",ISNUMBER(FIND("*",I7))),MOD((MOD('ตารางเวร'!$B$4,9973)*7919+$A7*40289)*(7*104729+7919),99991)*100+7,999999999) | AD7: =IF(AND($B7=1,J7<>"",ISNUMBER(FIND("*",J7))),MOD((MOD('ตารางเวร'!$B$4,9973)*7919+$A7*40289)*(8*104729+7919),99991)*100+8,999999999) | AE7: =IF(AND($B7=1,K7<>"",ISNUMBER(FIND("*",K7))),MOD((MOD('ตารางเวร'!$B$4,9973)*7919+$A7*40289)*(9*104729+7919),99991)*100+9,999999999) | AF7: =IF(AND($B7=1,L7<>"",ISNUMBER(FIND("*",L7))),MOD((MOD('ตารางเวร'!$B$4,9973)*7919+$A7*40289)*(10*104729+7919),99991)*100+10,999999999) | AG7: =IF(AND($B7=1,M7<>"",ISNUMBER(FIND("*",M7))),MOD((MOD('ตารางเวร'!$B$4,9973)*7919+$A7*40289)*(11*104729+7919),99991)*100+11,999999999) | AH7: =IF(AND($B7=1,N7<>"",ISNUMBER(FIND("*",N7))),MOD((MOD('ตารางเวร'!$B$4,9973)*7919+$A7*40289)*(12*104729+7919),99991)*100+12,999999999) | AI7: =IF(AND($B7=1,O7<>"",ISNUMBER(FIND("*",O7))),MOD((MOD('ตารางเวร'!$B$4,9973)*7919+$A7*40289)*(13*104729+7919),99991)*100+13,999999999) | AJ7: =IF(AND($B7=1,P7<>"",ISNUMBER(FIND("*",P7))),MOD((MOD('ตารางเวร'!$B$4,9973)*7919+$A7*40289)*(14*104729+7919),99991)*100+14,999999999) | AK7: =IF(AND($B7=1,Q7<>"",ISNUMBER(FIND("*",Q7))),MOD((MOD('ตารางเวร'!$B$4,9973)*7919+$A7*40289)*(15*104729+7919),99991)*100+15,999999999) | AL7: =IF(AND($B7=1,R7<>"",ISNUMBER(FIND("*",R7))),MOD((MOD('ตารางเวร'!$B$4,9973)*7919+$A7*40289)*(16*104729+7919),99991)*100+16,999999999) | AM7: =IF(AND($B7=1,S7<>"",ISNUMBER(FIND("*",S7))),MOD((MOD('ตารางเวร'!$B$4,9973)*7919+$A7*40289)*(17*104729+7919),99991)*100+17,999999999) | AN7: =IF(AND($B7=1,T7<>"",ISNUMBER(FIND("*",T7))),MOD((MOD('ตารางเวร'!$B$4,9973)*7919+$A7*40289)*(18*104729+7919),99991)*100+18,999999999) | AO7: =IF(AND($B7=1,U7<>"",ISNUMBER(FIND("*",U7))),MOD((MOD('ตารางเวร'!$B$4,9973)*7919+$A7*40289)*(19*104729+7919),99991)*100+19,999999999) | AP7: =IF(AND($B7=1,V7<>"",ISNUMBER(FIND("*",V7))),MOD((MOD('ตารางเวร'!$B$4,9973)*7919+$A7*40289)*(20*104729+7919),99991)*100+20,999999999) | AQ7: =IF(TRIM('ตารางเวร'!$B$10)<>"",999999999,W7) | AR7: =IF(TRIM('ตารางเวร'!$B$11)<>"",999999999,X7) | AS7: =IF(TRIM('ตารางเวร'!$B$12)<>"",999999999,Y7) | AT7: =IF(TRIM('ตารางเวร'!$B$13)<>"",999999999,Z7) | AU7: =IF(TRIM('ตารางเวร'!$B$14)<>"",999999999,AA7) | AV7: =IF(TRIM('ตารางเวร'!$B$15)<>"",999999999,AB7) | AW7: =IF(TRIM('ตารางเวร'!$B$16)<>"",999999999,AC7) | AX7: =IF(TRIM('ตารางเวร'!$B$17)<>"",999999999,AD7) | AY7: =IF(TRIM('ตารางเวร'!$B$18)<>"",999999999,AE7) | AZ7: =IF(TRIM('ตารางเวร'!$B$19)<>"",999999999,AF7) | BA7: =IF(TRIM('ตารางเวร'!$B$20)<>"",999999999,AG7) | BB7: =IF(TRIM('ตารางเวร'!$B$21)<>"",999999999,AH7) | BC7: =IF(TRIM('ตารางเวร'!$B$22)<>"",999999999,AI7) | BD7: =IF(TRIM('ตารางเวร'!$B$23)<>"",999999999,AJ7) | BE7: =IF(TRIM('ตารางเวร'!$B$24)<>"",999999999,AK7) | BF7: =IF(TRIM('ตารางเวร'!$B$25)<>"",999999999,AL7) | BG7: =IF(TRIM('ตารางเวร'!$B$26)<>"",999999999,AM7) | BH7: =IF(TRIM('ตารางเวร'!$B$27)<>"",999999999,AN7) | BI7: =IF(TRIM('ตารางเวร'!$B$28)<>"",999999999,AO7) | BJ7: =IF(TRIM('ตารางเวร'!$B$29)<>"",999999999,AP7) | BK7: =IF(AND($B7=1,C7<>"",NOT(ISNUMBER(FIND("*",C7)))),1,999999) | BL7: =IF(AND($B7=1,D7<>"",NOT(ISNUMBER(FIND("*",D7)))),2,999999) | BM7: =IF(AND($B7=1,E7<>"",NOT(ISNUMBER(FIND("*",E7)))),3,999999) | BN7: =IF(AND($B7=1,F7<>"",NOT(ISNUMBER(FIND("*",F7)))),4,999999) | BO7: =IF(AND($B7=1,G7<>"",NOT(ISNUMBER(FIND("*",G7)))),5,999999) | BP7: =IF(AND($B7=1,H7<>"",NOT(ISNUMBER(FIND("*",H7)))),6,999999) | BQ7: =IF(AND($B7=1,I7<>"",NOT(ISNUMBER(FIND("*",I7)))),7,999999) | BR7: =IF(AND($B7=1,J7<>"",NOT(ISNUMBER(FIND("*",J7)))),8,999999) | BS7: =IF(AND($B7=1,K7<>"",NOT(ISNUMBER(FIND("*",K7)))),9,999999) | BT7: =IF(AND($B7=1,L7<>"",NOT(ISNUMBER(FIND("*",L7)))),10,999999) | BU7: =IF(AND($B7=1,M7<>"",NOT(ISNUMBER(FIND("*",M7)))),11,999999) | BV7: =IF(AND($B7=1,N7<>"",NOT(ISNUMBER(FIND("*",N7)))),12,999999) | BW7: =IF(AND($B7=1,O7<>"",NOT(ISNUMBER(FIND("*",O7)))),13,999999) | BX7: =IF(AND($B7=1,P7<>"",NOT(ISNUMBER(FIND("*",P7)))),14,999999) | BY7: =IF(AND($B7=1,Q7<>"",NOT(ISNUMBER(FIND("*",Q7)))),15,999999) | BZ7: =IF(AND($B7=1,R7<>"",NOT(ISNUMBER(FIND("*",R7)))),16,999999) | CA7: =IF(AND($B7=1,S7<>"",NOT(ISNUMBER(FIND("*",S7)))),17,999999) | CB7: =IF(AND($B7=1,T7<>"",NOT(ISNUMBER(FIND("*",T7)))),18,999999) | CC7: =IF(AND($B7=1,U7<>"",NOT(ISNUMBER(FIND("*",U7)))),19,999999) | CD7: =IF(AND($B7=1,V7<>"",NOT(ISNUMBER(FIND("*",V7)))),20,999999) | CE7: =IF(MIN(AQ7:BJ7)>=999999999,0,MATCH(MIN(AQ7:BJ7),AQ7:BJ7,0)) | CF7: =IF($CE7=1,999999999,W7) | CG7: =IF($CE7=2,999999999,X7) | CH7: =IF($CE7=3,999999999,Y7) | CI7: =IF($CE7=4,999999999,Z7) | CJ7: =IF($CE7=5,999999999,AA7) | CK7: =IF($CE7=6,999999999,AB7) | CL7: =IF($CE7=7,999999999,AC7) | CM7: =IF($CE7=8,999999999,AD7) | CN7: =IF($CE7=9,999999999,AE7) | CO7: =IF($CE7=10,999999999,AF7) | CP7: =IF($CE7=11,999999999,AG7) | CQ7: =IF($CE7=12,999999999,AH7) | CR7: =IF($CE7=13,999999999,AI7) | CS7: =IF($CE7=14,999999999,AJ7) | CT7: =IF($CE7=15,999999999,AK7) | CU7: =IF($CE7=16,999999999,AL7) | CV7: =IF($CE7=17,999999999,AM7) | CW7: =IF($CE7=18,999999999,AN7) | CX7: =IF($CE7=19,999999999,AO7) | CY7: =IF($CE7=20,999999999,AP7) | CZ7: =COUNTIF(W7:AP7,"<999999999") | DA7: =COUNTIF(BK7:CD7,"<999999") | DB7: =$CZ7-IF($CE7>0,1,0) | DC7: =IF(OR($B7=0,C7=""),0,DC6+1) | DD7: =IF(OR($B7=0,D7=""),0,DD6+1) | DE7: =IF(OR($B7=0,E7=""),0,DE6+1) | DF7: =IF(OR($B7=0,F7=""),0,DF6+1) | DG7: =IF(OR($B7=0,G7=""),0,DG6+1) | DH7: =IF(OR($B7=0,H7=""),0,DH6+1) | DI7: =IF(OR($B7=0,I7=""),0,DI6+1) | DJ7: =IF(OR($B7=0,J7=""),0,DJ6+1) | ... DV7: =IF(OR($B7=0,V7=""),0,DV6+1) | DW7: ='ตารางเวร'!G$7 | DX7: =IF($B7=0,0,IF(WEEKDAY('ตารางเวร'!G$6,2)=IFERROR(MATCH('ตารางเวร'!$AM$11,'ตารางเวร'!$AO$10:$AO$17,0),0),1,0))
A8: 6 | B8: =IF(6>DAY(EOMONTH(DATE('ตารางเวร'!$B$3-543,'ตารางเวร'!$B$2,1),0)),0,1) | C8: =IF($B8=0,"",IFERROR(TRIM(INDEX('ตารางเวร'!$C$10:$AG$29,1,$A8)),"")) | D8: =IF($B8=0,"",IFERROR(TRIM(INDEX('ตารางเวร'!$C$10:$AG$29,2,$A8)),"")) | E8: =IF($B8=0,"",IFERROR(TRIM(INDEX('ตารางเวร'!$C$10:$AG$29,3,$A8)),"")) | F8: =IF($B8=0,"",IFERROR(TRIM(INDEX('ตารางเวร'!$C$10:$AG$29,4,$A8)),"")) | G8: =IF($B8=0,"",IFERROR(TRIM(INDEX('ตารางเวร'!$C$10:$AG$29,5,$A8)),"")) | H8: =IF($B8=0,"",IFERROR(TRIM(INDEX('ตารางเวร'!$C$10:$AG$29,6,$A8)),"")) | I8: =IF($B8=0,"",IFERROR(TRIM(INDEX('ตารางเวร'!$C$10:$AG$29,7,$A8)),"")) | J8: =IF($B8=0,"",IFERROR(TRIM(INDEX('ตารางเวร'!$C$10:$AG$29,8,$A8)),"")) | K8: =IF($B8=0,"",IFERROR(TRIM(INDEX('ตารางเวร'!$C$10:$AG$29,9,$A8)),"")) | L8: =IF($B8=0,"",IFERROR(TRIM(INDEX('ตารางเวร'!$C$10:$AG$29,10,$A8)),"")) | M8: =IF($B8=0,"",IFERROR(TRIM(INDEX('ตารางเวร'!$C$10:$AG$29,11,$A8)),"")) | N8: =IF($B8=0,"",IFERROR(TRIM(INDEX('ตารางเวร'!$C$10:$AG$29,12,$A8)),"")) | O8: =IF($B8=0,"",IFERROR(TRIM(INDEX('ตารางเวร'!$C$10:$AG$29,13,$A8)),"")) | P8: =IF($B8=0,"",IFERROR(TRIM(INDEX('ตารางเวร'!$C$10:$AG$29,14,$A8)),"")) | Q8: =IF($B8=0,"",IFERROR(TRIM(INDEX('ตารางเวร'!$C$10:$AG$29,15,$A8)),"")) | R8: =IF($B8=0,"",IFERROR(TRIM(INDEX('ตารางเวร'!$C$10:$AG$29,16,$A8)),"")) | S8: =IF($B8=0,"",IFERROR(TRIM(INDEX('ตารางเวร'!$C$10:$AG$29,17,$A8)),"")) | T8: =IF($B8=0,"",IFERROR(TRIM(INDEX('ตารางเวร'!$C$10:$AG$29,18,$A8)),"")) | U8: =IF($B8=0,"",IFERROR(TRIM(INDEX('ตารางเวร'!$C$10:$AG$29,19,$A8)),"")) | V8: =IF($B8=0,"",IFERROR(TRIM(INDEX('ตารางเวร'!$C$10:$AG$29,20,$A8)),"")) | W8: =IF(AND($B8=1,C8<>"",ISNUMBER(FIND("*",C8))),MOD((MOD('ตารางเวร'!$B$4,9973)*7919+$A8*40289)*(1*104729+7919),99991)*100+1,999999999) | X8: =IF(AND($B8=1,D8<>"",ISNUMBER(FIND("*",D8))),MOD((MOD('ตารางเวร'!$B$4,9973)*7919+$A8*40289)*(2*104729+7919),99991)*100+2,999999999) | Y8: =IF(AND($B8=1,E8<>"",ISNUMBER(FIND("*",E8))),MOD((MOD('ตารางเวร'!$B$4,9973)*7919+$A8*40289)*(3*104729+7919),99991)*100+3,999999999) | Z8: =IF(AND($B8=1,F8<>"",ISNUMBER(FIND("*",F8))),MOD((MOD('ตารางเวร'!$B$4,9973)*7919+$A8*40289)*(4*104729+7919),99991)*100+4,999999999) | AA8: =IF(AND($B8=1,G8<>"",ISNUMBER(FIND("*",G8))),MOD((MOD('ตารางเวร'!$B$4,9973)*7919+$A8*40289)*(5*104729+7919),99991)*100+5,999999999) | AB8: =IF(AND($B8=1,H8<>"",ISNUMBER(FIND("*",H8))),MOD((MOD('ตารางเวร'!$B$4,9973)*7919+$A8*40289)*(6*104729+7919),99991)*100+6,999999999) | AC8: =IF(AND($B8=1,I8<>"",ISNUMBER(FIND("*",I8))),MOD((MOD('ตารางเวร'!$B$4,9973)*7919+$A8*40289)*(7*104729+7919),99991)*100+7,999999999) | AD8: =IF(AND($B8=1,J8<>"",ISNUMBER(FIND("*",J8))),MOD((MOD('ตารางเวร'!$B$4,9973)*7919+$A8*40289)*(8*104729+7919),99991)*100+8,999999999) | AE8: =IF(AND($B8=1,K8<>"",ISNUMBER(FIND("*",K8))),MOD((MOD('ตารางเวร'!$B$4,9973)*7919+$A8*40289)*(9*104729+7919),99991)*100+9,999999999) | AF8: =IF(AND($B8=1,L8<>"",ISNUMBER(FIND("*",L8))),MOD((MOD('ตารางเวร'!$B$4,9973)*7919+$A8*40289)*(10*104729+7919),99991)*100+10,999999999) | AG8: =IF(AND($B8=1,M8<>"",ISNUMBER(FIND("*",M8))),MOD((MOD('ตารางเวร'!$B$4,9973)*7919+$A8*40289)*(11*104729+7919),99991)*100+11,999999999) | AH8: =IF(AND($B8=1,N8<>"",ISNUMBER(FIND("*",N8))),MOD((MOD('ตารางเวร'!$B$4,9973)*7919+$A8*40289)*(12*104729+7919),99991)*100+12,999999999) | AI8: =IF(AND($B8=1,O8<>"",ISNUMBER(FIND("*",O8))),MOD((MOD('ตารางเวร'!$B$4,9973)*7919+$A8*40289)*(13*104729+7919),99991)*100+13,999999999) | AJ8: =IF(AND($B8=1,P8<>"",ISNUMBER(FIND("*",P8))),MOD((MOD('ตารางเวร'!$B$4,9973)*7919+$A8*40289)*(14*104729+7919),99991)*100+14,999999999) | AK8: =IF(AND($B8=1,Q8<>"",ISNUMBER(FIND("*",Q8))),MOD((MOD('ตารางเวร'!$B$4,9973)*7919+$A8*40289)*(15*104729+7919),99991)*100+15,999999999) | AL8: =IF(AND($B8=1,R8<>"",ISNUMBER(FIND("*",R8))),MOD((MOD('ตารางเวร'!$B$4,9973)*7919+$A8*40289)*(16*104729+7919),99991)*100+16,999999999) | AM8: =IF(AND($B8=1,S8<>"",ISNUMBER(FIND("*",S8))),MOD((MOD('ตารางเวร'!$B$4,9973)*7919+$A8*40289)*(17*104729+7919),99991)*100+17,999999999) | AN8: =IF(AND($B8=1,T8<>"",ISNUMBER(FIND("*",T8))),MOD((MOD('ตารางเวร'!$B$4,9973)*7919+$A8*40289)*(18*104729+7919),99991)*100+18,999999999) | AO8: =IF(AND($B8=1,U8<>"",ISNUMBER(FIND("*",U8))),MOD((MOD('ตารางเวร'!$B$4,9973)*7919+$A8*40289)*(19*104729+7919),99991)*100+19,999999999) | AP8: =IF(AND($B8=1,V8<>"",ISNUMBER(FIND("*",V8))),MOD((MOD('ตารางเวร'!$B$4,9973)*7919+$A8*40289)*(20*104729+7919),99991)*100+20,999999999) | AQ8: =IF(TRIM('ตารางเวร'!$B$10)<>"",999999999,W8) | AR8: =IF(TRIM('ตารางเวร'!$B$11)<>"",999999999,X8) | AS8: =IF(TRIM('ตารางเวร'!$B$12)<>"",999999999,Y8) | AT8: =IF(TRIM('ตารางเวร'!$B$13)<>"",999999999,Z8) | AU8: =IF(TRIM('ตารางเวร'!$B$14)<>"",999999999,AA8) | AV8: =IF(TRIM('ตารางเวร'!$B$15)<>"",999999999,AB8) | AW8: =IF(TRIM('ตารางเวร'!$B$16)<>"",999999999,AC8) | AX8: =IF(TRIM('ตารางเวร'!$B$17)<>"",999999999,AD8) | AY8: =IF(TRIM('ตารางเวร'!$B$18)<>"",999999999,AE8) | AZ8: =IF(TRIM('ตารางเวร'!$B$19)<>"",999999999,AF8) | BA8: =IF(TRIM('ตารางเวร'!$B$20)<>"",999999999,AG8) | BB8: =IF(TRIM('ตารางเวร'!$B$21)<>"",999999999,AH8) | BC8: =IF(TRIM('ตารางเวร'!$B$22)<>"",999999999,AI8) | BD8: =IF(TRIM('ตารางเวร'!$B$23)<>"",999999999,AJ8) | BE8: =IF(TRIM('ตารางเวร'!$B$24)<>"",999999999,AK8) | BF8: =IF(TRIM('ตารางเวร'!$B$25)<>"",999999999,AL8) | BG8: =IF(TRIM('ตารางเวร'!$B$26)<>"",999999999,AM8) | BH8: =IF(TRIM('ตารางเวร'!$B$27)<>"",999999999,AN8) | BI8: =IF(TRIM('ตารางเวร'!$B$28)<>"",999999999,AO8) | BJ8: =IF(TRIM('ตารางเวร'!$B$29)<>"",999999999,AP8) | BK8: =IF(AND($B8=1,C8<>"",NOT(ISNUMBER(FIND("*",C8)))),1,999999) | BL8: =IF(AND($B8=1,D8<>"",NOT(ISNUMBER(FIND("*",D8)))),2,999999) | BM8: =IF(AND($B8=1,E8<>"",NOT(ISNUMBER(FIND("*",E8)))),3,999999) | BN8: =IF(AND($B8=1,F8<>"",NOT(ISNUMBER(FIND("*",F8)))),4,999999) | BO8: =IF(AND($B8=1,G8<>"",NOT(ISNUMBER(FIND("*",G8)))),5,999999) | BP8: =IF(AND($B8=1,H8<>"",NOT(ISNUMBER(FIND("*",H8)))),6,999999) | BQ8: =IF(AND($B8=1,I8<>"",NOT(ISNUMBER(FIND("*",I8)))),7,999999) | BR8: =IF(AND($B8=1,J8<>"",NOT(ISNUMBER(FIND("*",J8)))),8,999999) | BS8: =IF(AND($B8=1,K8<>"",NOT(ISNUMBER(FIND("*",K8)))),9,999999) | BT8: =IF(AND($B8=1,L8<>"",NOT(ISNUMBER(FIND("*",L8)))),10,999999) | BU8: =IF(AND($B8=1,M8<>"",NOT(ISNUMBER(FIND("*",M8)))),11,999999) | BV8: =IF(AND($B8=1,N8<>"",NOT(ISNUMBER(FIND("*",N8)))),12,999999) | BW8: =IF(AND($B8=1,O8<>"",NOT(ISNUMBER(FIND("*",O8)))),13,999999) | BX8: =IF(AND($B8=1,P8<>"",NOT(ISNUMBER(FIND("*",P8)))),14,999999) | BY8: =IF(AND($B8=1,Q8<>"",NOT(ISNUMBER(FIND("*",Q8)))),15,999999) | BZ8: =IF(AND($B8=1,R8<>"",NOT(ISNUMBER(FIND("*",R8)))),16,999999) | CA8: =IF(AND($B8=1,S8<>"",NOT(ISNUMBER(FIND("*",S8)))),17,999999) | CB8: =IF(AND($B8=1,T8<>"",NOT(ISNUMBER(FIND("*",T8)))),18,999999) | CC8: =IF(AND($B8=1,U8<>"",NOT(ISNUMBER(FIND("*",U8)))),19,999999) | CD8: =IF(AND($B8=1,V8<>"",NOT(ISNUMBER(FIND("*",V8)))),20,999999) | CE8: =IF(MIN(AQ8:BJ8)>=999999999,0,MATCH(MIN(AQ8:BJ8),AQ8:BJ8,0)) | CF8: =IF($CE8=1,999999999,W8) | CG8: =IF($CE8=2,999999999,X8) | CH8: =IF($CE8=3,999999999,Y8) | CI8: =IF($CE8=4,999999999,Z8) | CJ8: =IF($CE8=5,999999999,AA8) | CK8: =IF($CE8=6,999999999,AB8) | CL8: =IF($CE8=7,999999999,AC8) | CM8: =IF($CE8=8,999999999,AD8) | CN8: =IF($CE8=9,999999999,AE8) | CO8: =IF($CE8=10,999999999,AF8) | CP8: =IF($CE8=11,999999999,AG8) | CQ8: =IF($CE8=12,999999999,AH8) | CR8: =IF($CE8=13,999999999,AI8) | CS8: =IF($CE8=14,999999999,AJ8) | CT8: =IF($CE8=15,999999999,AK8) | CU8: =IF($CE8=16,999999999,AL8) | CV8: =IF($CE8=17,999999999,AM8) | CW8: =IF($CE8=18,999999999,AN8) | CX8: =IF($CE8=19,999999999,AO8) | CY8: =IF($CE8=20,999999999,AP8) | CZ8: =COUNTIF(W8:AP8,"<999999999") | DA8: =COUNTIF(BK8:CD8,"<999999") | DB8: =$CZ8-IF($CE8>0,1,0) | DC8: =IF(OR($B8=0,C8=""),0,DC7+1) | DD8: =IF(OR($B8=0,D8=""),0,DD7+1) | DE8: =IF(OR($B8=0,E8=""),0,DE7+1) | DF8: =IF(OR($B8=0,F8=""),0,DF7+1) | DG8: =IF(OR($B8=0,G8=""),0,DG7+1) | DH8: =IF(OR($B8=0,H8=""),0,DH7+1) | DI8: =IF(OR($B8=0,I8=""),0,DI7+1) | DJ8: =IF(OR($B8=0,J8=""),0,DJ7+1) | ... DV8: =IF(OR($B8=0,V8=""),0,DV7+1) | DW8: ='ตารางเวร'!H$7 | DX8: =IF($B8=0,0,IF(WEEKDAY('ตารางเวร'!H$6,2)=IFERROR(MATCH('ตารางเวร'!$AM$11,'ตารางเวร'!$AO$10:$AO$17,0),0),1,0))
A9: 7 | B9: =IF(7>DAY(EOMONTH(DATE('ตารางเวร'!$B$3-543,'ตารางเวร'!$B$2,1),0)),0,1) | C9: =IF($B9=0,"",IFERROR(TRIM(INDEX('ตารางเวร'!$C$10:$AG$29,1,$A9)),"")) | D9: =IF($B9=0,"",IFERROR(TRIM(INDEX('ตารางเวร'!$C$10:$AG$29,2,$A9)),"")) | E9: =IF($B9=0,"",IFERROR(TRIM(INDEX('ตารางเวร'!$C$10:$AG$29,3,$A9)),"")) | F9: =IF($B9=0,"",IFERROR(TRIM(INDEX('ตารางเวร'!$C$10:$AG$29,4,$A9)),"")) | G9: =IF($B9=0,"",IFERROR(TRIM(INDEX('ตารางเวร'!$C$10:$AG$29,5,$A9)),"")) | H9: =IF($B9=0,"",IFERROR(TRIM(INDEX('ตารางเวร'!$C$10:$AG$29,6,$A9)),"")) | I9: =IF($B9=0,"",IFERROR(TRIM(INDEX('ตารางเวร'!$C$10:$AG$29,7,$A9)),"")) | J9: =IF($B9=0,"",IFERROR(TRIM(INDEX('ตารางเวร'!$C$10:$AG$29,8,$A9)),"")) | K9: =IF($B9=0,"",IFERROR(TRIM(INDEX('ตารางเวร'!$C$10:$AG$29,9,$A9)),"")) | L9: =IF($B9=0,"",IFERROR(TRIM(INDEX('ตารางเวร'!$C$10:$AG$29,10,$A9)),"")) | M9: =IF($B9=0,"",IFERROR(TRIM(INDEX('ตารางเวร'!$C$10:$AG$29,11,$A9)),"")) | N9: =IF($B9=0,"",IFERROR(TRIM(INDEX('ตารางเวร'!$C$10:$AG$29,12,$A9)),"")) | O9: =IF($B9=0,"",IFERROR(TRIM(INDEX('ตารางเวร'!$C$10:$AG$29,13,$A9)),"")) | P9: =IF($B9=0,"",IFERROR(TRIM(INDEX('ตารางเวร'!$C$10:$AG$29,14,$A9)),"")) | Q9: =IF($B9=0,"",IFERROR(TRIM(INDEX('ตารางเวร'!$C$10:$AG$29,15,$A9)),"")) | R9: =IF($B9=0,"",IFERROR(TRIM(INDEX('ตารางเวร'!$C$10:$AG$29,16,$A9)),"")) | S9: =IF($B9=0,"",IFERROR(TRIM(INDEX('ตารางเวร'!$C$10:$AG$29,17,$A9)),"")) | T9: =IF($B9=0,"",IFERROR(TRIM(INDEX('ตารางเวร'!$C$10:$AG$29,18,$A9)),"")) | U9: =IF($B9=0,"",IFERROR(TRIM(INDEX('ตารางเวร'!$C$10:$AG$29,19,$A9)),"")) | V9: =IF($B9=0,"",IFERROR(TRIM(INDEX('ตารางเวร'!$C$10:$AG$29,20,$A9)),"")) | W9: =IF(AND($B9=1,C9<>"",ISNUMBER(FIND("*",C9))),MOD((MOD('ตารางเวร'!$B$4,9973)*7919+$A9*40289)*(1*104729+7919),99991)*100+1,999999999) | X9: =IF(AND($B9=1,D9<>"",ISNUMBER(FIND("*",D9))),MOD((MOD('ตารางเวร'!$B$4,9973)*7919+$A9*40289)*(2*104729+7919),99991)*100+2,999999999) | Y9: =IF(AND($B9=1,E9<>"",ISNUMBER(FIND("*",E9))),MOD((MOD('ตารางเวร'!$B$4,9973)*7919+$A9*40289)*(3*104729+7919),99991)*100+3,999999999) | Z9: =IF(AND($B9=1,F9<>"",ISNUMBER(FIND("*",F9))),MOD((MOD('ตารางเวร'!$B$4,9973)*7919+$A9*40289)*(4*104729+7919),99991)*100+4,999999999) | AA9: =IF(AND($B9=1,G9<>"",ISNUMBER(FIND("*",G9))),MOD((MOD('ตารางเวร'!$B$4,9973)*7919+$A9*40289)*(5*104729+7919),99991)*100+5,999999999) | AB9: =IF(AND($B9=1,H9<>"",ISNUMBER(FIND("*",H9))),MOD((MOD('ตารางเวร'!$B$4,9973)*7919+$A9*40289)*(6*104729+7919),99991)*100+6,999999999) | AC9: =IF(AND($B9=1,I9<>"",ISNUMBER(FIND("*",I9))),MOD((MOD('ตารางเวร'!$B$4,9973)*7919+$A9*40289)*(7*104729+7919),99991)*100+7,999999999) | AD9: =IF(AND($B9=1,J9<>"",ISNUMBER(FIND("*",J9))),MOD((MOD('ตารางเวร'!$B$4,9973)*7919+$A9*40289)*(8*104729+7919),99991)*100+8,999999999) | AE9: =IF(AND($B9=1,K9<>"",ISNUMBER(FIND("*",K9))),MOD((MOD('ตารางเวร'!$B$4,9973)*7919+$A9*40289)*(9*104729+7919),99991)*100+9,999999999) | AF9: =IF(AND($B9=1,L9<>"",ISNUMBER(FIND("*",L9))),MOD((MOD('ตารางเวร'!$B$4,9973)*7919+$A9*40289)*(10*104729+7919),99991)*100+10,999999999) | AG9: =IF(AND($B9=1,M9<>"",ISNUMBER(FIND("*",M9))),MOD((MOD('ตารางเวร'!$B$4,9973)*7919+$A9*40289)*(11*104729+7919),99991)*100+11,999999999) | AH9: =IF(AND($B9=1,N9<>"",ISNUMBER(FIND("*",N9))),MOD((MOD('ตารางเวร'!$B$4,9973)*7919+$A9*40289)*(12*104729+7919),99991)*100+12,999999999) | AI9: =IF(AND($B9=1,O9<>"",ISNUMBER(FIND("*",O9))),MOD((MOD('ตารางเวร'!$B$4,9973)*7919+$A9*40289)*(13*104729+7919),99991)*100+13,999999999) | AJ9: =IF(AND($B9=1,P9<>"",ISNUMBER(FIND("*",P9))),MOD((MOD('ตารางเวร'!$B$4,9973)*7919+$A9*40289)*(14*104729+7919),99991)*100+14,999999999) | AK9: =IF(AND($B9=1,Q9<>"",ISNUMBER(FIND("*",Q9))),MOD((MOD('ตารางเวร'!$B$4,9973)*7919+$A9*40289)*(15*104729+7919),99991)*100+15,999999999) | AL9: =IF(AND($B9=1,R9<>"",ISNUMBER(FIND("*",R9))),MOD((MOD('ตารางเวร'!$B$4,9973)*7919+$A9*40289)*(16*104729+7919),99991)*100+16,999999999) | AM9: =IF(AND($B9=1,S9<>"",ISNUMBER(FIND("*",S9))),MOD((MOD('ตารางเวร'!$B$4,9973)*7919+$A9*40289)*(17*104729+7919),99991)*100+17,999999999) | AN9: =IF(AND($B9=1,T9<>"",ISNUMBER(FIND("*",T9))),MOD((MOD('ตารางเวร'!$B$4,9973)*7919+$A9*40289)*(18*104729+7919),99991)*100+18,999999999) | AO9: =IF(AND($B9=1,U9<>"",ISNUMBER(FIND("*",U9))),MOD((MOD('ตารางเวร'!$B$4,9973)*7919+$A9*40289)*(19*104729+7919),99991)*100+19,999999999) | AP9: =IF(AND($B9=1,V9<>"",ISNUMBER(FIND("*",V9))),MOD((MOD('ตารางเวร'!$B$4,9973)*7919+$A9*40289)*(20*104729+7919),99991)*100+20,999999999) | AQ9: =IF(TRIM('ตารางเวร'!$B$10)<>"",999999999,W9) | AR9: =IF(TRIM('ตารางเวร'!$B$11)<>"",999999999,X9) | AS9: =IF(TRIM('ตารางเวร'!$B$12)<>"",999999999,Y9) | AT9: =IF(TRIM('ตารางเวร'!$B$13)<>"",999999999,Z9) | AU9: =IF(TRIM('ตารางเวร'!$B$14)<>"",999999999,AA9) | AV9: =IF(TRIM('ตารางเวร'!$B$15)<>"",999999999,AB9) | AW9: =IF(TRIM('ตารางเวร'!$B$16)<>"",999999999,AC9) | AX9: =IF(TRIM('ตารางเวร'!$B$17)<>"",999999999,AD9) | AY9: =IF(TRIM('ตารางเวร'!$B$18)<>"",999999999,AE9) | AZ9: =IF(TRIM('ตารางเวร'!$B$19)<>"",999999999,AF9) | BA9: =IF(TRIM('ตารางเวร'!$B$20)<>"",999999999,AG9) | BB9: =IF(TRIM('ตารางเวร'!$B$21)<>"",999999999,AH9) | BC9: =IF(TRIM('ตารางเวร'!$B$22)<>"",999999999,AI9) | BD9: =IF(TRIM('ตารางเวร'!$B$23)<>"",999999999,AJ9) | BE9: =IF(TRIM('ตารางเวร'!$B$24)<>"",999999999,AK9) | BF9: =IF(TRIM('ตารางเวร'!$B$25)<>"",999999999,AL9) | BG9: =IF(TRIM('ตารางเวร'!$B$26)<>"",999999999,AM9) | BH9: =IF(TRIM('ตารางเวร'!$B$27)<>"",999999999,AN9) | BI9: =IF(TRIM('ตารางเวร'!$B$28)<>"",999999999,AO9) | BJ9: =IF(TRIM('ตารางเวร'!$B$29)<>"",999999999,AP9) | BK9: =IF(AND($B9=1,C9<>"",NOT(ISNUMBER(FIND("*",C9)))),1,999999) | BL9: =IF(AND($B9=1,D9<>"",NOT(ISNUMBER(FIND("*",D9)))),2,999999) | BM9: =IF(AND($B9=1,E9<>"",NOT(ISNUMBER(FIND("*",E9)))),3,999999) | BN9: =IF(AND($B9=1,F9<>"",NOT(ISNUMBER(FIND("*",F9)))),4,999999) | BO9: =IF(AND($B9=1,G9<>"",NOT(ISNUMBER(FIND("*",G9)))),5,999999) | BP9: =IF(AND($B9=1,H9<>"",NOT(ISNUMBER(FIND("*",H9)))),6,999999) | BQ9: =IF(AND($B9=1,I9<>"",NOT(ISNUMBER(FIND("*",I9)))),7,999999) | BR9: =IF(AND($B9=1,J9<>"",NOT(ISNUMBER(FIND("*",J9)))),8,999999) | BS9: =IF(AND($B9=1,K9<>"",NOT(ISNUMBER(FIND("*",K9)))),9,999999) | BT9: =IF(AND($B9=1,L9<>"",NOT(ISNUMBER(FIND("*",L9)))),10,999999) | BU9: =IF(AND($B9=1,M9<>"",NOT(ISNUMBER(FIND("*",M9)))),11,999999) | BV9: =IF(AND($B9=1,N9<>"",NOT(ISNUMBER(FIND("*",N9)))),12,999999) | BW9: =IF(AND($B9=1,O9<>"",NOT(ISNUMBER(FIND("*",O9)))),13,999999) | BX9: =IF(AND($B9=1,P9<>"",NOT(ISNUMBER(FIND("*",P9)))),14,999999) | BY9: =IF(AND($B9=1,Q9<>"",NOT(ISNUMBER(FIND("*",Q9)))),15,999999) | BZ9: =IF(AND($B9=1,R9<>"",NOT(ISNUMBER(FIND("*",R9)))),16,999999) | CA9: =IF(AND($B9=1,S9<>"",NOT(ISNUMBER(FIND("*",S9)))),17,999999) | CB9: =IF(AND($B9=1,T9<>"",NOT(ISNUMBER(FIND("*",T9)))),18,999999) | CC9: =IF(AND($B9=1,U9<>"",NOT(ISNUMBER(FIND("*",U9)))),19,999999) | CD9: =IF(AND($B9=1,V9<>"",NOT(ISNUMBER(FIND("*",V9)))),20,999999) | CE9: =IF(MIN(AQ9:BJ9)>=999999999,0,MATCH(MIN(AQ9:BJ9),AQ9:BJ9,0)) | CF9: =IF($CE9=1,999999999,W9) | CG9: =IF($CE9=2,999999999,X9) | CH9: =IF($CE9=3,999999999,Y9) | CI9: =IF($CE9=4,999999999,Z9) | CJ9: =IF($CE9=5,999999999,AA9) | CK9: =IF($CE9=6,999999999,AB9) | CL9: =IF($CE9=7,999999999,AC9) | CM9: =IF($CE9=8,999999999,AD9) | CN9: =IF($CE9=9,999999999,AE9) | CO9: =IF($CE9=10,999999999,AF9) | CP9: =IF($CE9=11,999999999,AG9) | CQ9: =IF($CE9=12,999999999,AH9) | CR9: =IF($CE9=13,999999999,AI9) | CS9: =IF($CE9=14,999999999,AJ9) | CT9: =IF($CE9=15,999999999,AK9) | CU9: =IF($CE9=16,999999999,AL9) | CV9: =IF($CE9=17,999999999,AM9) | CW9: =IF($CE9=18,999999999,AN9) | CX9: =IF($CE9=19,999999999,AO9) | CY9: =IF($CE9=20,999999999,AP9) | CZ9: =COUNTIF(W9:AP9,"<999999999") | DA9: =COUNTIF(BK9:CD9,"<999999") | DB9: =$CZ9-IF($CE9>0,1,0) | DC9: =IF(OR($B9=0,C9=""),0,DC8+1) | DD9: =IF(OR($B9=0,D9=""),0,DD8+1) | DE9: =IF(OR($B9=0,E9=""),0,DE8+1) | DF9: =IF(OR($B9=0,F9=""),0,DF8+1) | DG9: =IF(OR($B9=0,G9=""),0,DG8+1) | DH9: =IF(OR($B9=0,H9=""),0,DH8+1) | DI9: =IF(OR($B9=0,I9=""),0,DI8+1) | DJ9: =IF(OR($B9=0,J9=""),0,DJ8+1) | ... DV9: =IF(OR($B9=0,V9=""),0,DV8+1) | DW9: ='ตารางเวร'!I$7 | DX9: =IF($B9=0,0,IF(WEEKDAY('ตารางเวร'!I$6,2)=IFERROR(MATCH('ตารางเวร'!$AM$11,'ตารางเวร'!$AO$10:$AO$17,0),0),1,0))
A10: 8 | B10: =IF(8>DAY(EOMONTH(DATE('ตารางเวร'!$B$3-543,'ตารางเวร'!$B$2,1),0)),0,1) | C10: =IF($B10=0,"",IFERROR(TRIM(INDEX('ตารางเวร'!$C$10:$AG$29,1,$A10)),"")) | D10: =IF($B10=0,"",IFERROR(TRIM(INDEX('ตารางเวร'!$C$10:$AG$29,2,$A10)),"")) | E10: =IF($B10=0,"",IFERROR(TRIM(INDEX('ตารางเวร'!$C$10:$AG$29,3,$A10)),"")) | F10: =IF($B10=0,"",IFERROR(TRIM(INDEX('ตารางเวร'!$C$10:$AG$29,4,$A10)),"")) | G10: =IF($B10=0,"",IFERROR(TRIM(INDEX('ตารางเวร'!$C$10:$AG$29,5,$A10)),"")) | H10: =IF($B10=0,"",IFERROR(TRIM(INDEX('ตารางเวร'!$C$10:$AG$29,6,$A10)),"")) | I10: =IF($B10=0,"",IFERROR(TRIM(INDEX('ตารางเวร'!$C$10:$AG$29,7,$A10)),"")) | J10: =IF($B10=0,"",IFERROR(TRIM(INDEX('ตารางเวร'!$C$10:$AG$29,8,$A10)),"")) | K10: =IF($B10=0,"",IFERROR(TRIM(INDEX('ตารางเวร'!$C$10:$AG$29,9,$A10)),"")) | L10: =IF($B10=0,"",IFERROR(TRIM(INDEX('ตารางเวร'!$C$10:$AG$29,10,$A10)),"")) | M10: =IF($B10=0,"",IFERROR(TRIM(INDEX('ตารางเวร'!$C$10:$AG$29,11,$A10)),"")) | N10: =IF($B10=0,"",IFERROR(TRIM(INDEX('ตารางเวร'!$C$10:$AG$29,12,$A10)),"")) | O10: =IF($B10=0,"",IFERROR(TRIM(INDEX('ตารางเวร'!$C$10:$AG$29,13,$A10)),"")) | P10: =IF($B10=0,"",IFERROR(TRIM(INDEX('ตารางเวร'!$C$10:$AG$29,14,$A10)),"")) | Q10: =IF($B10=0,"",IFERROR(TRIM(INDEX('ตารางเวร'!$C$10:$AG$29,15,$A10)),"")) | R10: =IF($B10=0,"",IFERROR(TRIM(INDEX('ตารางเวร'!$C$10:$AG$29,16,$A10)),"")) | S10: =IF($B10=0,"",IFERROR(TRIM(INDEX('ตารางเวร'!$C$10:$AG$29,17,$A10)),"")) | T10: =IF($B10=0,"",IFERROR(TRIM(INDEX('ตารางเวร'!$C$10:$AG$29,18,$A10)),"")) | U10: =IF($B10=0,"",IFERROR(TRIM(INDEX('ตารางเวร'!$C$10:$AG$29,19,$A10)),"")) | V10: =IF($B10=0,"",IFERROR(TRIM(INDEX('ตารางเวร'!$C$10:$AG$29,20,$A10)),"")) | W10: =IF(AND($B10=1,C10<>"",ISNUMBER(FIND("*",C10))),MOD((MOD('ตารางเวร'!$B$4,9973)*7919+$A10*40289)*(1*104729+7919),99991)*100+1,999999999) | X10: =IF(AND($B10=1,D10<>"",ISNUMBER(FIND("*",D10))),MOD((MOD('ตารางเวร'!$B$4,9973)*7919+$A10*40289)*(2*104729+7919),99991)*100+2,999999999) | Y10: =IF(AND($B10=1,E10<>"",ISNUMBER(FIND("*",E10))),MOD((MOD('ตารางเวร'!$B$4,9973)*7919+$A10*40289)*(3*104729+7919),99991)*100+3,999999999) | Z10: =IF(AND($B10=1,F10<>"",ISNUMBER(FIND("*",F10))),MOD((MOD('ตารางเวร'!$B$4,9973)*7919+$A10*40289)*(4*104729+7919),99991)*100+4,999999999) | AA10: =IF(AND($B10=1,G10<>"",ISNUMBER(FIND("*",G10))),MOD((MOD('ตารางเวร'!$B$4,9973)*7919+$A10*40289)*(5*104729+7919),99991)*100+5,999999999) | AB10: =IF(AND($B10=1,H10<>"",ISNUMBER(FIND("*",H10))),MOD((MOD('ตารางเวร'!$B$4,9973)*7919+$A10*40289)*(6*104729+7919),99991)*100+6,999999999) | AC10: =IF(AND($B10=1,I10<>"",ISNUMBER(FIND("*",I10))),MOD((MOD('ตารางเวร'!$B$4,9973)*7919+$A10*40289)*(7*104729+7919),99991)*100+7,999999999) | AD10: =IF(AND($B10=1,J10<>"",ISNUMBER(FIND("*",J10))),MOD((MOD('ตารางเวร'!$B$4,9973)*7919+$A10*40289)*(8*104729+7919),99991)*100+8,999999999) | AE10: =IF(AND($B10=1,K10<>"",ISNUMBER(FIND("*",K10))),MOD((MOD('ตารางเวร'!$B$4,9973)*7919+$A10*40289)*(9*104729+7919),99991)*100+9,999999999) | AF10: =IF(AND($B10=1,L10<>"",ISNUMBER(FIND("*",L10))),MOD((MOD('ตารางเวร'!$B$4,9973)*7919+$A10*40289)*(10*104729+7919),99991)*100+10,999999999) | AG10: =IF(AND($B10=1,M10<>"",ISNUMBER(FIND("*",M10))),MOD((MOD('ตารางเวร'!$B$4,9973)*7919+$A10*40289)*(11*104729+7919),99991)*100+11,999999999) | AH10: =IF(AND($B10=1,N10<>"",ISNUMBER(FIND("*",N10))),MOD((MOD('ตารางเวร'!$B$4,9973)*7919+$A10*40289)*(12*104729+7919),99991)*100+12,999999999) | AI10: =IF(AND($B10=1,O10<>"",ISNUMBER(FIND("*",O10))),MOD((MOD('ตารางเวร'!$B$4,9973)*7919+$A10*40289)*(13*104729+7919),99991)*100+13,999999999) | AJ10: =IF(AND($B10=1,P10<>"",ISNUMBER(FIND("*",P10))),MOD((MOD('ตารางเวร'!$B$4,9973)*7919+$A10*40289)*(14*104729+7919),99991)*100+14,999999999) | AK10: =IF(AND($B10=1,Q10<>"",ISNUMBER(FIND("*",Q10))),MOD((MOD('ตารางเวร'!$B$4,9973)*7919+$A10*40289)*(15*104729+7919),99991)*100+15,999999999) | AL10: =IF(AND($B10=1,R10<>"",ISNUMBER(FIND("*",R10))),MOD((MOD('ตารางเวร'!$B$4,9973)*7919+$A10*40289)*(16*104729+7919),99991)*100+16,999999999) | AM10: =IF(AND($B10=1,S10<>"",ISNUMBER(FIND("*",S10))),MOD((MOD('ตารางเวร'!$B$4,9973)*7919+$A10*40289)*(17*104729+7919),99991)*100+17,999999999) | AN10: =IF(AND($B10=1,T10<>"",ISNUMBER(FIND("*",T10))),MOD((MOD('ตารางเวร'!$B$4,9973)*7919+$A10*40289)*(18*104729+7919),99991)*100+18,999999999) | AO10: =IF(AND($B10=1,U10<>"",ISNUMBER(FIND("*",U10))),MOD((MOD('ตารางเวร'!$B$4,9973)*7919+$A10*40289)*(19*104729+7919),99991)*100+19,999999999) | AP10: =IF(AND($B10=1,V10<>"",ISNUMBER(FIND("*",V10))),MOD((MOD('ตารางเวร'!$B$4,9973)*7919+$A10*40289)*(20*104729+7919),99991)*100+20,999999999) | AQ10: =IF(TRIM('ตารางเวร'!$B$10)<>"",999999999,W10) | AR10: =IF(TRIM('ตารางเวร'!$B$11)<>"",999999999,X10) | AS10: =IF(TRIM('ตารางเวร'!$B$12)<>"",999999999,Y10) | AT10: =IF(TRIM('ตารางเวร'!$B$13)<>"",999999999,Z10) | AU10: =IF(TRIM('ตารางเวร'!$B$14)<>"",999999999,AA10) | AV10: =IF(TRIM('ตารางเวร'!$B$15)<>"",999999999,AB10) | AW10: =IF(TRIM('ตารางเวร'!$B$16)<>"",999999999,AC10) | AX10: =IF(TRIM('ตารางเวร'!$B$17)<>"",999999999,AD10) | AY10: =IF(TRIM('ตารางเวร'!$B$18)<>"",999999999,AE10) | AZ10: =IF(TRIM('ตารางเวร'!$B$19)<>"",999999999,AF10) | BA10: =IF(TRIM('ตารางเวร'!$B$20)<>"",999999999,AG10) | BB10: =IF(TRIM('ตารางเวร'!$B$21)<>"",999999999,AH10) | BC10: =IF(TRIM('ตารางเวร'!$B$22)<>"",999999999,AI10) | BD10: =IF(TRIM('ตารางเวร'!$B$23)<>"",999999999,AJ10) | BE10: =IF(TRIM('ตารางเวร'!$B$24)<>"",999999999,AK10) | BF10: =IF(TRIM('ตารางเวร'!$B$25)<>"",999999999,AL10) | BG10: =IF(TRIM('ตารางเวร'!$B$26)<>"",999999999,AM10) | BH10: =IF(TRIM('ตารางเวร'!$B$27)<>"",999999999,AN10) | BI10: =IF(TRIM('ตารางเวร'!$B$28)<>"",999999999,AO10) | BJ10: =IF(TRIM('ตารางเวร'!$B$29)<>"",999999999,AP10) | BK10: =IF(AND($B10=1,C10<>"",NOT(ISNUMBER(FIND("*",C10)))),1,999999) | BL10: =IF(AND($B10=1,D10<>"",NOT(ISNUMBER(FIND("*",D10)))),2,999999) | BM10: =IF(AND($B10=1,E10<>"",NOT(ISNUMBER(FIND("*",E10)))),3,999999) | BN10: =IF(AND($B10=1,F10<>"",NOT(ISNUMBER(FIND("*",F10)))),4,999999) | BO10: =IF(AND($B10=1,G10<>"",NOT(ISNUMBER(FIND("*",G10)))),5,999999) | BP10: =IF(AND($B10=1,H10<>"",NOT(ISNUMBER(FIND("*",H10)))),6,999999) | BQ10: =IF(AND($B10=1,I10<>"",NOT(ISNUMBER(FIND("*",I10)))),7,999999) | BR10: =IF(AND($B10=1,J10<>"",NOT(ISNUMBER(FIND("*",J10)))),8,999999) | BS10: =IF(AND($B10=1,K10<>"",NOT(ISNUMBER(FIND("*",K10)))),9,999999) | BT10: =IF(AND($B10=1,L10<>"",NOT(ISNUMBER(FIND("*",L10)))),10,999999) | BU10: =IF(AND($B10=1,M10<>"",NOT(ISNUMBER(FIND("*",M10)))),11,999999) | BV10: =IF(AND($B10=1,N10<>"",NOT(ISNUMBER(FIND("*",N10)))),12,999999) | BW10: =IF(AND($B10=1,O10<>"",NOT(ISNUMBER(FIND("*",O10)))),13,999999) | BX10: =IF(AND($B10=1,P10<>"",NOT(ISNUMBER(FIND("*",P10)))),14,999999) | BY10: =IF(AND($B10=1,Q10<>"",NOT(ISNUMBER(FIND("*",Q10)))),15,999999) | BZ10: =IF(AND($B10=1,R10<>"",NOT(ISNUMBER(FIND("*",R10)))),16,999999) | CA10: =IF(AND($B10=1,S10<>"",NOT(ISNUMBER(FIND("*",S10)))),17,999999) | CB10: =IF(AND($B10=1,T10<>"",NOT(ISNUMBER(FIND("*",T10)))),18,999999) | CC10: =IF(AND($B10=1,U10<>"",NOT(ISNUMBER(FIND("*",U10)))),19,999999) | CD10: =IF(AND($B10=1,V10<>"",NOT(ISNUMBER(FIND("*",V10)))),20,999999) | CE10: =IF(MIN(AQ10:BJ10)>=999999999,0,MATCH(MIN(AQ10:BJ10),AQ10:BJ10,0)) | CF10: =IF($CE10=1,999999999,W10) | CG10: =IF($CE10=2,999999999,X10) | CH10: =IF($CE10=3,999999999,Y10) | CI10: =IF($CE10=4,999999999,Z10) | CJ10: =IF($CE10=5,999999999,AA10) | CK10: =IF($CE10=6,999999999,AB10) | CL10: =IF($CE10=7,999999999,AC10) | CM10: =IF($CE10=8,999999999,AD10) | CN10: =IF($CE10=9,999999999,AE10) | CO10: =IF($CE10=10,999999999,AF10) | CP10: =IF($CE10=11,999999999,AG10) | CQ10: =IF($CE10=12,999999999,AH10) | CR10: =IF($CE10=13,999999999,AI10) | CS10: =IF($CE10=14,999999999,AJ10) | CT10: =IF($CE10=15,999999999,AK10) | CU10: =IF($CE10=16,999999999,AL10) | CV10: =IF($CE10=17,999999999,AM10) | CW10: =IF($CE10=18,999999999,AN10) | CX10: =IF($CE10=19,999999999,AO10) | CY10: =IF($CE10=20,999999999,AP10) | CZ10: =COUNTIF(W10:AP10,"<999999999") | DA10: =COUNTIF(BK10:CD10,"<999999") | DB10: =$CZ10-IF($CE10>0,1,0) | DC10: =IF(OR($B10=0,C10=""),0,DC9+1) | DD10: =IF(OR($B10=0,D10=""),0,DD9+1) | DE10: =IF(OR($B10=0,E10=""),0,DE9+1) | DF10: =IF(OR($B10=0,F10=""),0,DF9+1) | DG10: =IF(OR($B10=0,G10=""),0,DG9+1) | DH10: =IF(OR($B10=0,H10=""),0,DH9+1) | DI10: =IF(OR($B10=0,I10=""),0,DI9+1) | DJ10: =IF(OR($B10=0,J10=""),0,DJ9+1) | ... DV10: =IF(OR($B10=0,V10=""),0,DV9+1) | DW10: ='ตารางเวร'!J$7 | DX10: =IF($B10=0,0,IF(WEEKDAY('ตารางเวร'!J$6,2)=IFERROR(MATCH('ตารางเวร'!$AM$11,'ตารางเวร'!$AO$10:$AO$17,0),0),1,0))
A11: 9 | B11: =IF(9>DAY(EOMONTH(DATE('ตารางเวร'!$B$3-543,'ตารางเวร'!$B$2,1),0)),0,1) | C11: =IF($B11=0,"",IFERROR(TRIM(INDEX('ตารางเวร'!$C$10:$AG$29,1,$A11)),"")) | D11: =IF($B11=0,"",IFERROR(TRIM(INDEX('ตารางเวร'!$C$10:$AG$29,2,$A11)),"")) | E11: =IF($B11=0,"",IFERROR(TRIM(INDEX('ตารางเวร'!$C$10:$AG$29,3,$A11)),"")) | F11: =IF($B11=0,"",IFERROR(TRIM(INDEX('ตารางเวร'!$C$10:$AG$29,4,$A11)),"")) | G11: =IF($B11=0,"",IFERROR(TRIM(INDEX('ตารางเวร'!$C$10:$AG$29,5,$A11)),"")) | H11: =IF($B11=0,"",IFERROR(TRIM(INDEX('ตารางเวร'!$C$10:$AG$29,6,$A11)),"")) | I11: =IF($B11=0,"",IFERROR(TRIM(INDEX('ตารางเวร'!$C$10:$AG$29,7,$A11)),"")) | J11: =IF($B11=0,"",IFERROR(TRIM(INDEX('ตารางเวร'!$C$10:$AG$29,8,$A11)),"")) | K11: =IF($B11=0,"",IFERROR(TRIM(INDEX('ตารางเวร'!$C$10:$AG$29,9,$A11)),"")) | L11: =IF($B11=0,"",IFERROR(TRIM(INDEX('ตารางเวร'!$C$10:$AG$29,10,$A11)),"")) | M11: =IF($B11=0,"",IFERROR(TRIM(INDEX('ตารางเวร'!$C$10:$AG$29,11,$A11)),"")) | N11: =IF($B11=0,"",IFERROR(TRIM(INDEX('ตารางเวร'!$C$10:$AG$29,12,$A11)),"")) | O11: =IF($B11=0,"",IFERROR(TRIM(INDEX('ตารางเวร'!$C$10:$AG$29,13,$A11)),"")) | P11: =IF($B11=0,"",IFERROR(TRIM(INDEX('ตารางเวร'!$C$10:$AG$29,14,$A11)),"")) | Q11: =IF($B11=0,"",IFERROR(TRIM(INDEX('ตารางเวร'!$C$10:$AG$29,15,$A11)),"")) | R11: =IF($B11=0,"",IFERROR(TRIM(INDEX('ตารางเวร'!$C$10:$AG$29,16,$A11)),"")) | S11: =IF($B11=0,"",IFERROR(TRIM(INDEX('ตารางเวร'!$C$10:$AG$29,17,$A11)),"")) | T11: =IF($B11=0,"",IFERROR(TRIM(INDEX('ตารางเวร'!$C$10:$AG$29,18,$A11)),"")) | U11: =IF($B11=0,"",IFERROR(TRIM(INDEX('ตารางเวร'!$C$10:$AG$29,19,$A11)),"")) | V11: =IF($B11=0,"",IFERROR(TRIM(INDEX('ตารางเวร'!$C$10:$AG$29,20,$A11)),"")) | W11: =IF(AND($B11=1,C11<>"",ISNUMBER(FIND("*",C11))),MOD((MOD('ตารางเวร'!$B$4,9973)*7919+$A11*40289)*(1*104729+7919),99991)*100+1,999999999) | X11: =IF(AND($B11=1,D11<>"",ISNUMBER(FIND("*",D11))),MOD((MOD('ตารางเวร'!$B$4,9973)*7919+$A11*40289)*(2*104729+7919),99991)*100+2,999999999) | Y11: =IF(AND($B11=1,E11<>"",ISNUMBER(FIND("*",E11))),MOD((MOD('ตารางเวร'!$B$4,9973)*7919+$A11*40289)*(3*104729+7919),99991)*100+3,999999999) | Z11: =IF(AND($B11=1,F11<>"",ISNUMBER(FIND("*",F11))),MOD((MOD('ตารางเวร'!$B$4,9973)*7919+$A11*40289)*(4*104729+7919),99991)*100+4,999999999) | AA11: =IF(AND($B11=1,G11<>"",ISNUMBER(FIND("*",G11))),MOD((MOD('ตารางเวร'!$B$4,9973)*7919+$A11*40289)*(5*104729+7919),99991)*100+5,999999999) | AB11: =IF(AND($B11=1,H11<>"",ISNUMBER(FIND("*",H11))),MOD((MOD('ตารางเวร'!$B$4,9973)*7919+$A11*40289)*(6*104729+7919),99991)*100+6,999999999) | AC11: =IF(AND($B11=1,I11<>"",ISNUMBER(FIND("*",I11))),MOD((MOD('ตารางเวร'!$B$4,9973)*7919+$A11*40289)*(7*104729+7919),99991)*100+7,999999999) | AD11: =IF(AND($B11=1,J11<>"",ISNUMBER(FIND("*",J11))),MOD((MOD('ตารางเวร'!$B$4,9973)*7919+$A11*40289)*(8*104729+7919),99991)*100+8,999999999) | AE11: =IF(AND($B11=1,K11<>"",ISNUMBER(FIND("*",K11))),MOD((MOD('ตารางเวร'!$B$4,9973)*7919+$A11*40289)*(9*104729+7919),99991)*100+9,999999999) | AF11: =IF(AND($B11=1,L11<>"",ISNUMBER(FIND("*",L11))),MOD((MOD('ตารางเวร'!$B$4,9973)*7919+$A11*40289)*(10*104729+7919),99991)*100+10,999999999) | AG11: =IF(AND($B11=1,M11<>"",ISNUMBER(FIND("*",M11))),MOD((MOD('ตารางเวร'!$B$4,9973)*7919+$A11*40289)*(11*104729+7919),99991)*100+11,999999999) | AH11: =IF(AND($B11=1,N11<>"",ISNUMBER(FIND("*",N11))),MOD((MOD('ตารางเวร'!$B$4,9973)*7919+$A11*40289)*(12*104729+7919),99991)*100+12,999999999) | AI11: =IF(AND($B11=1,O11<>"",ISNUMBER(FIND("*",O11))),MOD((MOD('ตารางเวร'!$B$4,9973)*7919+$A11*40289)*(13*104729+7919),99991)*100+13,999999999) | AJ11: =IF(AND($B11=1,P11<>"",ISNUMBER(FIND("*",P11))),MOD((MOD('ตารางเวร'!$B$4,9973)*7919+$A11*40289)*(14*104729+7919),99991)*100+14,999999999) | AK11: =IF(AND($B11=1,Q11<>"",ISNUMBER(FIND("*",Q11))),MOD((MOD('ตารางเวร'!$B$4,9973)*7919+$A11*40289)*(15*104729+7919),99991)*100+15,999999999) | AL11: =IF(AND($B11=1,R11<>"",ISNUMBER(FIND("*",R11))),MOD((MOD('ตารางเวร'!$B$4,9973)*7919+$A11*40289)*(16*104729+7919),99991)*100+16,999999999) | AM11: =IF(AND($B11=1,S11<>"",ISNUMBER(FIND("*",S11))),MOD((MOD('ตารางเวร'!$B$4,9973)*7919+$A11*40289)*(17*104729+7919),99991)*100+17,999999999) | AN11: =IF(AND($B11=1,T11<>"",ISNUMBER(FIND("*",T11))),MOD((MOD('ตารางเวร'!$B$4,9973)*7919+$A11*40289)*(18*104729+7919),99991)*100+18,999999999) | AO11: =IF(AND($B11=1,U11<>"",ISNUMBER(FIND("*",U11))),MOD((MOD('ตารางเวร'!$B$4,9973)*7919+$A11*40289)*(19*104729+7919),99991)*100+19,999999999) | AP11: =IF(AND($B11=1,V11<>"",ISNUMBER(FIND("*",V11))),MOD((MOD('ตารางเวร'!$B$4,9973)*7919+$A11*40289)*(20*104729+7919),99991)*100+20,999999999) | AQ11: =IF(TRIM('ตารางเวร'!$B$10)<>"",999999999,W11) | AR11: =IF(TRIM('ตารางเวร'!$B$11)<>"",999999999,X11) | AS11: =IF(TRIM('ตารางเวร'!$B$12)<>"",999999999,Y11) | AT11: =IF(TRIM('ตารางเวร'!$B$13)<>"",999999999,Z11) | AU11: =IF(TRIM('ตารางเวร'!$B$14)<>"",999999999,AA11) | AV11: =IF(TRIM('ตารางเวร'!$B$15)<>"",999999999,AB11) | AW11: =IF(TRIM('ตารางเวร'!$B$16)<>"",999999999,AC11) | AX11: =IF(TRIM('ตารางเวร'!$B$17)<>"",999999999,AD11) | AY11: =IF(TRIM('ตารางเวร'!$B$18)<>"",999999999,AE11) | AZ11: =IF(TRIM('ตารางเวร'!$B$19)<>"",999999999,AF11) | BA11: =IF(TRIM('ตารางเวร'!$B$20)<>"",999999999,AG11) | BB11: =IF(TRIM('ตารางเวร'!$B$21)<>"",999999999,AH11) | BC11: =IF(TRIM('ตารางเวร'!$B$22)<>"",999999999,AI11) | BD11: =IF(TRIM('ตารางเวร'!$B$23)<>"",999999999,AJ11) | BE11: =IF(TRIM('ตารางเวร'!$B$24)<>"",999999999,AK11) | BF11: =IF(TRIM('ตารางเวร'!$B$25)<>"",999999999,AL11) | BG11: =IF(TRIM('ตารางเวร'!$B$26)<>"",999999999,AM11) | BH11: =IF(TRIM('ตารางเวร'!$B$27)<>"",999999999,AN11) | BI11: =IF(TRIM('ตารางเวร'!$B$28)<>"",999999999,AO11) | BJ11: =IF(TRIM('ตารางเวร'!$B$29)<>"",999999999,AP11) | BK11: =IF(AND($B11=1,C11<>"",NOT(ISNUMBER(FIND("*",C11)))),1,999999) | BL11: =IF(AND($B11=1,D11<>"",NOT(ISNUMBER(FIND("*",D11)))),2,999999) | BM11: =IF(AND($B11=1,E11<>"",NOT(ISNUMBER(FIND("*",E11)))),3,999999) | BN11: =IF(AND($B11=1,F11<>"",NOT(ISNUMBER(FIND("*",F11)))),4,999999) | BO11: =IF(AND($B11=1,G11<>"",NOT(ISNUMBER(FIND("*",G11)))),5,999999) | BP11: =IF(AND($B11=1,H11<>"",NOT(ISNUMBER(FIND("*",H11)))),6,999999) | BQ11: =IF(AND($B11=1,I11<>"",NOT(ISNUMBER(FIND("*",I11)))),7,999999) | BR11: =IF(AND($B11=1,J11<>"",NOT(ISNUMBER(FIND("*",J11)))),8,999999) | BS11: =IF(AND($B11=1,K11<>"",NOT(ISNUMBER(FIND("*",K11)))),9,999999) | BT11: =IF(AND($B11=1,L11<>"",NOT(ISNUMBER(FIND("*",L11)))),10,999999) | BU11: =IF(AND($B11=1,M11<>"",NOT(ISNUMBER(FIND("*",M11)))),11,999999) | BV11: =IF(AND($B11=1,N11<>"",NOT(ISNUMBER(FIND("*",N11)))),12,999999) | BW11: =IF(AND($B11=1,O11<>"",NOT(ISNUMBER(FIND("*",O11)))),13,999999) | BX11: =IF(AND($B11=1,P11<>"",NOT(ISNUMBER(FIND("*",P11)))),14,999999) | BY11: =IF(AND($B11=1,Q11<>"",NOT(ISNUMBER(FIND("*",Q11)))),15,999999) | BZ11: =IF(AND($B11=1,R11<>"",NOT(ISNUMBER(FIND("*",R11)))),16,999999) | CA11: =IF(AND($B11=1,S11<>"",NOT(ISNUMBER(FIND("*",S11)))),17,999999) | CB11: =IF(AND($B11=1,T11<>"",NOT(ISNUMBER(FIND("*",T11)))),18,999999) | CC11: =IF(AND($B11=1,U11<>"",NOT(ISNUMBER(FIND("*",U11)))),19,999999) | CD11: =IF(AND($B11=1,V11<>"",NOT(ISNUMBER(FIND("*",V11)))),20,999999) | CE11: =IF(MIN(AQ11:BJ11)>=999999999,0,MATCH(MIN(AQ11:BJ11),AQ11:BJ11,0)) | CF11: =IF($CE11=1,999999999,W11) | CG11: =IF($CE11=2,999999999,X11) | CH11: =IF($CE11=3,999999999,Y11) | CI11: =IF($CE11=4,999999999,Z11) | CJ11: =IF($CE11=5,999999999,AA11) | CK11: =IF($CE11=6,999999999,AB11) | CL11: =IF($CE11=7,999999999,AC11) | CM11: =IF($CE11=8,999999999,AD11) | CN11: =IF($CE11=9,999999999,AE11) | CO11: =IF($CE11=10,999999999,AF11) | CP11: =IF($CE11=11,999999999,AG11) | CQ11: =IF($CE11=12,999999999,AH11) | CR11: =IF($CE11=13,999999999,AI11) | CS11: =IF($CE11=14,999999999,AJ11) | CT11: =IF($CE11=15,999999999,AK11) | CU11: =IF($CE11=16,999999999,AL11) | CV11: =IF($CE11=17,999999999,AM11) | CW11: =IF($CE11=18,999999999,AN11) | CX11: =IF($CE11=19,999999999,AO11) | CY11: =IF($CE11=20,999999999,AP11) | CZ11: =COUNTIF(W11:AP11,"<999999999") | DA11: =COUNTIF(BK11:CD11,"<999999") | DB11: =$CZ11-IF($CE11>0,1,0) | DC11: =IF(OR($B11=0,C11=""),0,DC10+1) | DD11: =IF(OR($B11=0,D11=""),0,DD10+1) | DE11: =IF(OR($B11=0,E11=""),0,DE10+1) | DF11: =IF(OR($B11=0,F11=""),0,DF10+1) | DG11: =IF(OR($B11=0,G11=""),0,DG10+1) | DH11: =IF(OR($B11=0,H11=""),0,DH10+1) | DI11: =IF(OR($B11=0,I11=""),0,DI10+1) | DJ11: =IF(OR($B11=0,J11=""),0,DJ10+1) | ... DV11: =IF(OR($B11=0,V11=""),0,DV10+1) | DW11: ='ตารางเวร'!K$7 | DX11: =IF($B11=0,0,IF(WEEKDAY('ตารางเวร'!K$6,2)=IFERROR(MATCH('ตารางเวร'!$AM$11,'ตารางเวร'!$AO$10:$AO$17,0),0),1,0))
A12: 10 | B12: =IF(10>DAY(EOMONTH(DATE('ตารางเวร'!$B$3-543,'ตารางเวร'!$B$2,1),0)),0,1) | C12: =IF($B12=0,"",IFERROR(TRIM(INDEX('ตารางเวร'!$C$10:$AG$29,1,$A12)),"")) | D12: =IF($B12=0,"",IFERROR(TRIM(INDEX('ตารางเวร'!$C$10:$AG$29,2,$A12)),"")) | E12: =IF($B12=0,"",IFERROR(TRIM(INDEX('ตารางเวร'!$C$10:$AG$29,3,$A12)),"")) | F12: =IF($B12=0,"",IFERROR(TRIM(INDEX('ตารางเวร'!$C$10:$AG$29,4,$A12)),"")) | G12: =IF($B12=0,"",IFERROR(TRIM(INDEX('ตารางเวร'!$C$10:$AG$29,5,$A12)),"")) | H12: =IF($B12=0,"",IFERROR(TRIM(INDEX('ตารางเวร'!$C$10:$AG$29,6,$A12)),"")) | I12: =IF($B12=0,"",IFERROR(TRIM(INDEX('ตารางเวร'!$C$10:$AG$29,7,$A12)),"")) | J12: =IF($B12=0,"",IFERROR(TRIM(INDEX('ตารางเวร'!$C$10:$AG$29,8,$A12)),"")) | K12: =IF($B12=0,"",IFERROR(TRIM(INDEX('ตารางเวร'!$C$10:$AG$29,9,$A12)),"")) | L12: =IF($B12=0,"",IFERROR(TRIM(INDEX('ตารางเวร'!$C$10:$AG$29,10,$A12)),"")) | M12: =IF($B12=0,"",IFERROR(TRIM(INDEX('ตารางเวร'!$C$10:$AG$29,11,$A12)),"")) | N12: =IF($B12=0,"",IFERROR(TRIM(INDEX('ตารางเวร'!$C$10:$AG$29,12,$A12)),"")) | O12: =IF($B12=0,"",IFERROR(TRIM(INDEX('ตารางเวร'!$C$10:$AG$29,13,$A12)),"")) | P12: =IF($B12=0,"",IFERROR(TRIM(INDEX('ตารางเวร'!$C$10:$AG$29,14,$A12)),"")) | Q12: =IF($B12=0,"",IFERROR(TRIM(INDEX('ตารางเวร'!$C$10:$AG$29,15,$A12)),"")) | R12: =IF($B12=0,"",IFERROR(TRIM(INDEX('ตารางเวร'!$C$10:$AG$29,16,$A12)),"")) | S12: =IF($B12=0,"",IFERROR(TRIM(INDEX('ตารางเวร'!$C$10:$AG$29,17,$A12)),"")) | T12: =IF($B12=0,"",IFERROR(TRIM(INDEX('ตารางเวร'!$C$10:$AG$29,18,$A12)),"")) | U12: =IF($B12=0,"",IFERROR(TRIM(INDEX('ตารางเวร'!$C$10:$AG$29,19,$A12)),"")) | V12: =IF($B12=0,"",IFERROR(TRIM(INDEX('ตารางเวร'!$C$10:$AG$29,20,$A12)),"")) | W12: =IF(AND($B12=1,C12<>"",ISNUMBER(FIND("*",C12))),MOD((MOD('ตารางเวร'!$B$4,9973)*7919+$A12*40289)*(1*104729+7919),99991)*100+1,999999999) | X12: =IF(AND($B12=1,D12<>"",ISNUMBER(FIND("*",D12))),MOD((MOD('ตารางเวร'!$B$4,9973)*7919+$A12*40289)*(2*104729+7919),99991)*100+2,999999999) | Y12: =IF(AND($B12=1,E12<>"",ISNUMBER(FIND("*",E12))),MOD((MOD('ตารางเวร'!$B$4,9973)*7919+$A12*40289)*(3*104729+7919),99991)*100+3,999999999) | Z12: =IF(AND($B12=1,F12<>"",ISNUMBER(FIND("*",F12))),MOD((MOD('ตารางเวร'!$B$4,9973)*7919+$A12*40289)*(4*104729+7919),99991)*100+4,999999999) | AA12: =IF(AND($B12=1,G12<>"",ISNUMBER(FIND("*",G12))),MOD((MOD('ตารางเวร'!$B$4,9973)*7919+$A12*40289)*(5*104729+7919),99991)*100+5,999999999) | AB12: =IF(AND($B12=1,H12<>"",ISNUMBER(FIND("*",H12))),MOD((MOD('ตารางเวร'!$B$4,9973)*7919+$A12*40289)*(6*104729+7919),99991)*100+6,999999999) | AC12: =IF(AND($B12=1,I12<>"",ISNUMBER(FIND("*",I12))),MOD((MOD('ตารางเวร'!$B$4,9973)*7919+$A12*40289)*(7*104729+7919),99991)*100+7,999999999) | AD12: =IF(AND($B12=1,J12<>"",ISNUMBER(FIND("*",J12))),MOD((MOD('ตารางเวร'!$B$4,9973)*7919+$A12*40289)*(8*104729+7919),99991)*100+8,999999999) | AE12: =IF(AND($B12=1,K12<>"",ISNUMBER(FIND("*",K12))),MOD((MOD('ตารางเวร'!$B$4,9973)*7919+$A12*40289)*(9*104729+7919),99991)*100+9,999999999) | AF12: =IF(AND($B12=1,L12<>"",ISNUMBER(FIND("*",L12))),MOD((MOD('ตารางเวร'!$B$4,9973)*7919+$A12*40289)*(10*104729+7919),99991)*100+10,999999999) | AG12: =IF(AND($B12=1,M12<>"",ISNUMBER(FIND("*",M12))),MOD((MOD('ตารางเวร'!$B$4,9973)*7919+$A12*40289)*(11*104729+7919),99991)*100+11,999999999) | AH12: =IF(AND($B12=1,N12<>"",ISNUMBER(FIND("*",N12))),MOD((MOD('ตารางเวร'!$B$4,9973)*7919+$A12*40289)*(12*104729+7919),99991)*100+12,999999999) | AI12: =IF(AND($B12=1,O12<>"",ISNUMBER(FIND("*",O12))),MOD((MOD('ตารางเวร'!$B$4,9973)*7919+$A12*40289)*(13*104729+7919),99991)*100+13,999999999) | AJ12: =IF(AND($B12=1,P12<>"",ISNUMBER(FIND("*",P12))),MOD((MOD('ตารางเวร'!$B$4,9973)*7919+$A12*40289)*(14*104729+7919),99991)*100+14,999999999) | AK12: =IF(AND($B12=1,Q12<>"",ISNUMBER(FIND("*",Q12))),MOD((MOD('ตารางเวร'!$B$4,9973)*7919+$A12*40289)*(15*104729+7919),99991)*100+15,999999999) | AL12: =IF(AND($B12=1,R12<>"",ISNUMBER(FIND("*",R12))),MOD((MOD('ตารางเวร'!$B$4,9973)*7919+$A12*40289)*(16*104729+7919),99991)*100+16,999999999) | AM12: =IF(AND($B12=1,S12<>"",ISNUMBER(FIND("*",S12))),MOD((MOD('ตารางเวร'!$B$4,9973)*7919+$A12*40289)*(17*104729+7919),99991)*100+17,999999999) | AN12: =IF(AND($B12=1,T12<>"",ISNUMBER(FIND("*",T12))),MOD((MOD('ตารางเวร'!$B$4,9973)*7919+$A12*40289)*(18*104729+7919),99991)*100+18,999999999) | AO12: =IF(AND($B12=1,U12<>"",ISNUMBER(FIND("*",U12))),MOD((MOD('ตารางเวร'!$B$4,9973)*7919+$A12*40289)*(19*104729+7919),99991)*100+19,999999999) | AP12: =IF(AND($B12=1,V12<>"",ISNUMBER(FIND("*",V12))),MOD((MOD('ตารางเวร'!$B$4,9973)*7919+$A12*40289)*(20*104729+7919),99991)*100+20,999999999) | AQ12: =IF(TRIM('ตารางเวร'!$B$10)<>"",999999999,W12) | AR12: =IF(TRIM('ตารางเวร'!$B$11)<>"",999999999,X12) | AS12: =IF(TRIM('ตารางเวร'!$B$12)<>"",999999999,Y12) | AT12: =IF(TRIM('ตารางเวร'!$B$13)<>"",999999999,Z12) | AU12: =IF(TRIM('ตารางเวร'!$B$14)<>"",999999999,AA12) | AV12: =IF(TRIM('ตารางเวร'!$B$15)<>"",999999999,AB12) | AW12: =IF(TRIM('ตารางเวร'!$B$16)<>"",999999999,AC12) | AX12: =IF(TRIM('ตารางเวร'!$B$17)<>"",999999999,AD12) | AY12: =IF(TRIM('ตารางเวร'!$B$18)<>"",999999999,AE12) | AZ12: =IF(TRIM('ตารางเวร'!$B$19)<>"",999999999,AF12) | BA12: =IF(TRIM('ตารางเวร'!$B$20)<>"",999999999,AG12) | BB12: =IF(TRIM('ตารางเวร'!$B$21)<>"",999999999,AH12) | BC12: =IF(TRIM('ตารางเวร'!$B$22)<>"",999999999,AI12) | BD12: =IF(TRIM('ตารางเวร'!$B$23)<>"",999999999,AJ12) | BE12: =IF(TRIM('ตารางเวร'!$B$24)<>"",999999999,AK12) | BF12: =IF(TRIM('ตารางเวร'!$B$25)<>"",999999999,AL12) | BG12: =IF(TRIM('ตารางเวร'!$B$26)<>"",999999999,AM12) | BH12: =IF(TRIM('ตารางเวร'!$B$27)<>"",999999999,AN12) | BI12: =IF(TRIM('ตารางเวร'!$B$28)<>"",999999999,AO12) | BJ12: =IF(TRIM('ตารางเวร'!$B$29)<>"",999999999,AP12) | BK12: =IF(AND($B12=1,C12<>"",NOT(ISNUMBER(FIND("*",C12)))),1,999999) | BL12: =IF(AND($B12=1,D12<>"",NOT(ISNUMBER(FIND("*",D12)))),2,999999) | BM12: =IF(AND($B12=1,E12<>"",NOT(ISNUMBER(FIND("*",E12)))),3,999999) | BN12: =IF(AND($B12=1,F12<>"",NOT(ISNUMBER(FIND("*",F12)))),4,999999) | BO12: =IF(AND($B12=1,G12<>"",NOT(ISNUMBER(FIND("*",G12)))),5,999999) | BP12: =IF(AND($B12=1,H12<>"",NOT(ISNUMBER(FIND("*",H12)))),6,999999) | BQ12: =IF(AND($B12=1,I12<>"",NOT(ISNUMBER(FIND("*",I12)))),7,999999) | BR12: =IF(AND($B12=1,J12<>"",NOT(ISNUMBER(FIND("*",J12)))),8,999999) | BS12: =IF(AND($B12=1,K12<>"",NOT(ISNUMBER(FIND("*",K12)))),9,999999) | BT12: =IF(AND($B12=1,L12<>"",NOT(ISNUMBER(FIND("*",L12)))),10,999999) | BU12: =IF(AND($B12=1,M12<>"",NOT(ISNUMBER(FIND("*",M12)))),11,999999) | BV12: =IF(AND($B12=1,N12<>"",NOT(ISNUMBER(FIND("*",N12)))),12,999999) | BW12: =IF(AND($B12=1,O12<>"",NOT(ISNUMBER(FIND("*",O12)))),13,999999) | BX12: =IF(AND($B12=1,P12<>"",NOT(ISNUMBER(FIND("*",P12)))),14,999999) | BY12: =IF(AND($B12=1,Q12<>"",NOT(ISNUMBER(FIND("*",Q12)))),15,999999) | BZ12: =IF(AND($B12=1,R12<>"",NOT(ISNUMBER(FIND("*",R12)))),16,999999) | CA12: =IF(AND($B12=1,S12<>"",NOT(ISNUMBER(FIND("*",S12)))),17,999999) | CB12: =IF(AND($B12=1,T12<>"",NOT(ISNUMBER(FIND("*",T12)))),18,999999) | CC12: =IF(AND($B12=1,U12<>"",NOT(ISNUMBER(FIND("*",U12)))),19,999999) | CD12: =IF(AND($B12=1,V12<>"",NOT(ISNUMBER(FIND("*",V12)))),20,999999) | CE12: =IF(MIN(AQ12:BJ12)>=999999999,0,MATCH(MIN(AQ12:BJ12),AQ12:BJ12,0)) | CF12: =IF($CE12=1,999999999,W12) | CG12: =IF($CE12=2,999999999,X12) | CH12: =IF($CE12=3,999999999,Y12) | CI12: =IF($CE12=4,999999999,Z12) | CJ12: =IF($CE12=5,999999999,AA12) | CK12: =IF($CE12=6,999999999,AB12) | CL12: =IF($CE12=7,999999999,AC12) | CM12: =IF($CE12=8,999999999,AD12) | CN12: =IF($CE12=9,999999999,AE12) | CO12: =IF($CE12=10,999999999,AF12) | CP12: =IF($CE12=11,999999999,AG12) | CQ12: =IF($CE12=12,999999999,AH12) | CR12: =IF($CE12=13,999999999,AI12) | CS12: =IF($CE12=14,999999999,AJ12) | CT12: =IF($CE12=15,999999999,AK12) | CU12: =IF($CE12=16,999999999,AL12) | CV12: =IF($CE12=17,999999999,AM12) | CW12: =IF($CE12=18,999999999,AN12) | CX12: =IF($CE12=19,999999999,AO12) | CY12: =IF($CE12=20,999999999,AP12) | CZ12: =COUNTIF(W12:AP12,"<999999999") | DA12: =COUNTIF(BK12:CD12,"<999999") | DB12: =$CZ12-IF($CE12>0,1,0) | DC12: =IF(OR($B12=0,C12=""),0,DC11+1) | DD12: =IF(OR($B12=0,D12=""),0,DD11+1) | DE12: =IF(OR($B12=0,E12=""),0,DE11+1) | DF12: =IF(OR($B12=0,F12=""),0,DF11+1) | DG12: =IF(OR($B12=0,G12=""),0,DG11+1) | DH12: =IF(OR($B12=0,H12=""),0,DH11+1) | DI12: =IF(OR($B12=0,I12=""),0,DI11+1) | DJ12: =IF(OR($B12=0,J12=""),0,DJ11+1) | ... DV12: =IF(OR($B12=0,V12=""),0,DV11+1) | DW12: ='ตารางเวร'!L$7 | DX12: =IF($B12=0,0,IF(WEEKDAY('ตารางเวร'!L$6,2)=IFERROR(MATCH('ตารางเวร'!$AM$11,'ตารางเวร'!$AO$10:$AO$17,0),0),1,0))
A13: 11 | B13: =IF(11>DAY(EOMONTH(DATE('ตารางเวร'!$B$3-543,'ตารางเวร'!$B$2,1),0)),0,1) | C13: =IF($B13=0,"",IFERROR(TRIM(INDEX('ตารางเวร'!$C$10:$AG$29,1,$A13)),"")) | D13: =IF($B13=0,"",IFERROR(TRIM(INDEX('ตารางเวร'!$C$10:$AG$29,2,$A13)),"")) | E13: =IF($B13=0,"",IFERROR(TRIM(INDEX('ตารางเวร'!$C$10:$AG$29,3,$A13)),"")) | F13: =IF($B13=0,"",IFERROR(TRIM(INDEX('ตารางเวร'!$C$10:$AG$29,4,$A13)),"")) | G13: =IF($B13=0,"",IFERROR(TRIM(INDEX('ตารางเวร'!$C$10:$AG$29,5,$A13)),"")) | H13: =IF($B13=0,"",IFERROR(TRIM(INDEX('ตารางเวร'!$C$10:$AG$29,6,$A13)),"")) | I13: =IF($B13=0,"",IFERROR(TRIM(INDEX('ตารางเวร'!$C$10:$AG$29,7,$A13)),"")) | J13: =IF($B13=0,"",IFERROR(TRIM(INDEX('ตารางเวร'!$C$10:$AG$29,8,$A13)),"")) | K13: =IF($B13=0,"",IFERROR(TRIM(INDEX('ตารางเวร'!$C$10:$AG$29,9,$A13)),"")) | L13: =IF($B13=0,"",IFERROR(TRIM(INDEX('ตารางเวร'!$C$10:$AG$29,10,$A13)),"")) | M13: =IF($B13=0,"",IFERROR(TRIM(INDEX('ตารางเวร'!$C$10:$AG$29,11,$A13)),"")) | N13: =IF($B13=0,"",IFERROR(TRIM(INDEX('ตารางเวร'!$C$10:$AG$29,12,$A13)),"")) | O13: =IF($B13=0,"",IFERROR(TRIM(INDEX('ตารางเวร'!$C$10:$AG$29,13,$A13)),"")) | P13: =IF($B13=0,"",IFERROR(TRIM(INDEX('ตารางเวร'!$C$10:$AG$29,14,$A13)),"")) | Q13: =IF($B13=0,"",IFERROR(TRIM(INDEX('ตารางเวร'!$C$10:$AG$29,15,$A13)),"")) | R13: =IF($B13=0,"",IFERROR(TRIM(INDEX('ตารางเวร'!$C$10:$AG$29,16,$A13)),"")) | S13: =IF($B13=0,"",IFERROR(TRIM(INDEX('ตารางเวร'!$C$10:$AG$29,17,$A13)),"")) | T13: =IF($B13=0,"",IFERROR(TRIM(INDEX('ตารางเวร'!$C$10:$AG$29,18,$A13)),"")) | U13: =IF($B13=0,"",IFERROR(TRIM(INDEX('ตารางเวร'!$C$10:$AG$29,19,$A13)),"")) | V13: =IF($B13=0,"",IFERROR(TRIM(INDEX('ตารางเวร'!$C$10:$AG$29,20,$A13)),"")) | W13: =IF(AND($B13=1,C13<>"",ISNUMBER(FIND("*",C13))),MOD((MOD('ตารางเวร'!$B$4,9973)*7919+$A13*40289)*(1*104729+7919),99991)*100+1,999999999) | X13: =IF(AND($B13=1,D13<>"",ISNUMBER(FIND("*",D13))),MOD((MOD('ตารางเวร'!$B$4,9973)*7919+$A13*40289)*(2*104729+7919),99991)*100+2,999999999) | Y13: =IF(AND($B13=1,E13<>"",ISNUMBER(FIND("*",E13))),MOD((MOD('ตารางเวร'!$B$4,9973)*7919+$A13*40289)*(3*104729+7919),99991)*100+3,999999999) | Z13: =IF(AND($B13=1,F13<>"",ISNUMBER(FIND("*",F13))),MOD((MOD('ตารางเวร'!$B$4,9973)*7919+$A13*40289)*(4*104729+7919),99991)*100+4,999999999) | AA13: =IF(AND($B13=1,G13<>"",ISNUMBER(FIND("*",G13))),MOD((MOD('ตารางเวร'!$B$4,9973)*7919+$A13*40289)*(5*104729+7919),99991)*100+5,999999999) | AB13: =IF(AND($B13=1,H13<>"",ISNUMBER(FIND("*",H13))),MOD((MOD('ตารางเวร'!$B$4,9973)*7919+$A13*40289)*(6*104729+7919),99991)*100+6,999999999) | AC13: =IF(AND($B13=1,I13<>"",ISNUMBER(FIND("*",I13))),MOD((MOD('ตารางเวร'!$B$4,9973)*7919+$A13*40289)*(7*104729+7919),99991)*100+7,999999999) | AD13: =IF(AND($B13=1,J13<>"",ISNUMBER(FIND("*",J13))),MOD((MOD('ตารางเวร'!$B$4,9973)*7919+$A13*40289)*(8*104729+7919),99991)*100+8,999999999) | AE13: =IF(AND($B13=1,K13<>"",ISNUMBER(FIND("*",K13))),MOD((MOD('ตารางเวร'!$B$4,9973)*7919+$A13*40289)*(9*104729+7919),99991)*100+9,999999999) | AF13: =IF(AND($B13=1,L13<>"",ISNUMBER(FIND("*",L13))),MOD((MOD('ตารางเวร'!$B$4,9973)*7919+$A13*40289)*(10*104729+7919),99991)*100+10,999999999) | AG13: =IF(AND($B13=1,M13<>"",ISNUMBER(FIND("*",M13))),MOD((MOD('ตารางเวร'!$B$4,9973)*7919+$A13*40289)*(11*104729+7919),99991)*100+11,999999999) | AH13: =IF(AND($B13=1,N13<>"",ISNUMBER(FIND("*",N13))),MOD((MOD('ตารางเวร'!$B$4,9973)*7919+$A13*40289)*(12*104729+7919),99991)*100+12,999999999) | AI13: =IF(AND($B13=1,O13<>"",ISNUMBER(FIND("*",O13))),MOD((MOD('ตารางเวร'!$B$4,9973)*7919+$A13*40289)*(13*104729+7919),99991)*100+13,999999999) | AJ13: =IF(AND($B13=1,P13<>"",ISNUMBER(FIND("*",P13))),MOD((MOD('ตารางเวร'!$B$4,9973)*7919+$A13*40289)*(14*104729+7919),99991)*100+14,999999999) | AK13: =IF(AND($B13=1,Q13<>"",ISNUMBER(FIND("*",Q13))),MOD((MOD('ตารางเวร'!$B$4,9973)*7919+$A13*40289)*(15*104729+7919),99991)*100+15,999999999) | AL13: =IF(AND($B13=1,R13<>"",ISNUMBER(FIND("*",R13))),MOD((MOD('ตารางเวร'!$B$4,9973)*7919+$A13*40289)*(16*104729+7919),99991)*100+16,999999999) | AM13: =IF(AND($B13=1,S13<>"",ISNUMBER(FIND("*",S13))),MOD((MOD('ตารางเวร'!$B$4,9973)*7919+$A13*40289)*(17*104729+7919),99991)*100+17,999999999) | AN13: =IF(AND($B13=1,T13<>"",ISNUMBER(FIND("*",T13))),MOD((MOD('ตารางเวร'!$B$4,9973)*7919+$A13*40289)*(18*104729+7919),99991)*100+18,999999999) | AO13: =IF(AND($B13=1,U13<>"",ISNUMBER(FIND("*",U13))),MOD((MOD('ตารางเวร'!$B$4,9973)*7919+$A13*40289)*(19*104729+7919),99991)*100+19,999999999) | AP13: =IF(AND($B13=1,V13<>"",ISNUMBER(FIND("*",V13))),MOD((MOD('ตารางเวร'!$B$4,9973)*7919+$A13*40289)*(20*104729+7919),99991)*100+20,999999999) | AQ13: =IF(TRIM('ตารางเวร'!$B$10)<>"",999999999,W13) | AR13: =IF(TRIM('ตารางเวร'!$B$11)<>"",999999999,X13) | AS13: =IF(TRIM('ตารางเวร'!$B$12)<>"",999999999,Y13) | AT13: =IF(TRIM('ตารางเวร'!$B$13)<>"",999999999,Z13) | AU13: =IF(TRIM('ตารางเวร'!$B$14)<>"",999999999,AA13) | AV13: =IF(TRIM('ตารางเวร'!$B$15)<>"",999999999,AB13) | AW13: =IF(TRIM('ตารางเวร'!$B$16)<>"",999999999,AC13) | AX13: =IF(TRIM('ตารางเวร'!$B$17)<>"",999999999,AD13) | AY13: =IF(TRIM('ตารางเวร'!$B$18)<>"",999999999,AE13) | AZ13: =IF(TRIM('ตารางเวร'!$B$19)<>"",999999999,AF13) | BA13: =IF(TRIM('ตารางเวร'!$B$20)<>"",999999999,AG13) | BB13: =IF(TRIM('ตารางเวร'!$B$21)<>"",999999999,AH13) | BC13: =IF(TRIM('ตารางเวร'!$B$22)<>"",999999999,AI13) | BD13: =IF(TRIM('ตารางเวร'!$B$23)<>"",999999999,AJ13) | BE13: =IF(TRIM('ตารางเวร'!$B$24)<>"",999999999,AK13) | BF13: =IF(TRIM('ตารางเวร'!$B$25)<>"",999999999,AL13) | BG13: =IF(TRIM('ตารางเวร'!$B$26)<>"",999999999,AM13) | BH13: =IF(TRIM('ตารางเวร'!$B$27)<>"",999999999,AN13) | BI13: =IF(TRIM('ตารางเวร'!$B$28)<>"",999999999,AO13) | BJ13: =IF(TRIM('ตารางเวร'!$B$29)<>"",999999999,AP13) | BK13: =IF(AND($B13=1,C13<>"",NOT(ISNUMBER(FIND("*",C13)))),1,999999) | BL13: =IF(AND($B13=1,D13<>"",NOT(ISNUMBER(FIND("*",D13)))),2,999999) | BM13: =IF(AND($B13=1,E13<>"",NOT(ISNUMBER(FIND("*",E13)))),3,999999) | BN13: =IF(AND($B13=1,F13<>"",NOT(ISNUMBER(FIND("*",F13)))),4,999999) | BO13: =IF(AND($B13=1,G13<>"",NOT(ISNUMBER(FIND("*",G13)))),5,999999) | BP13: =IF(AND($B13=1,H13<>"",NOT(ISNUMBER(FIND("*",H13)))),6,999999) | BQ13: =IF(AND($B13=1,I13<>"",NOT(ISNUMBER(FIND("*",I13)))),7,999999) | BR13: =IF(AND($B13=1,J13<>"",NOT(ISNUMBER(FIND("*",J13)))),8,999999) | BS13: =IF(AND($B13=1,K13<>"",NOT(ISNUMBER(FIND("*",K13)))),9,999999) | BT13: =IF(AND($B13=1,L13<>"",NOT(ISNUMBER(FIND("*",L13)))),10,999999) | BU13: =IF(AND($B13=1,M13<>"",NOT(ISNUMBER(FIND("*",M13)))),11,999999) | BV13: =IF(AND($B13=1,N13<>"",NOT(ISNUMBER(FIND("*",N13)))),12,999999) | BW13: =IF(AND($B13=1,O13<>"",NOT(ISNUMBER(FIND("*",O13)))),13,999999) | BX13: =IF(AND($B13=1,P13<>"",NOT(ISNUMBER(FIND("*",P13)))),14,999999) | BY13: =IF(AND($B13=1,Q13<>"",NOT(ISNUMBER(FIND("*",Q13)))),15,999999) | BZ13: =IF(AND($B13=1,R13<>"",NOT(ISNUMBER(FIND("*",R13)))),16,999999) | CA13: =IF(AND($B13=1,S13<>"",NOT(ISNUMBER(FIND("*",S13)))),17,999999) | CB13: =IF(AND($B13=1,T13<>"",NOT(ISNUMBER(FIND("*",T13)))),18,999999) | CC13: =IF(AND($B13=1,U13<>"",NOT(ISNUMBER(FIND("*",U13)))),19,999999) | CD13: =IF(AND($B13=1,V13<>"",NOT(ISNUMBER(FIND("*",V13)))),20,999999) | CE13: =IF(MIN(AQ13:BJ13)>=999999999,0,MATCH(MIN(AQ13:BJ13),AQ13:BJ13,0)) | CF13: =IF($CE13=1,999999999,W13) | CG13: =IF($CE13=2,999999999,X13) | CH13: =IF($CE13=3,999999999,Y13) | CI13: =IF($CE13=4,999999999,Z13) | CJ13: =IF($CE13=5,999999999,AA13) | CK13: =IF($CE13=6,999999999,AB13) | CL13: =IF($CE13=7,999999999,AC13) | CM13: =IF($CE13=8,999999999,AD13) | CN13: =IF($CE13=9,999999999,AE13) | CO13: =IF($CE13=10,999999999,AF13) | CP13: =IF($CE13=11,999999999,AG13) | CQ13: =IF($CE13=12,999999999,AH13) | CR13: =IF($CE13=13,999999999,AI13) | CS13: =IF($CE13=14,999999999,AJ13) | CT13: =IF($CE13=15,999999999,AK13) | CU13: =IF($CE13=16,999999999,AL13) | CV13: =IF($CE13=17,999999999,AM13) | CW13: =IF($CE13=18,999999999,AN13) | CX13: =IF($CE13=19,999999999,AO13) | CY13: =IF($CE13=20,999999999,AP13) | CZ13: =COUNTIF(W13:AP13,"<999999999") | DA13: =COUNTIF(BK13:CD13,"<999999") | DB13: =$CZ13-IF($CE13>0,1,0) | DC13: =IF(OR($B13=0,C13=""),0,DC12+1) | DD13: =IF(OR($B13=0,D13=""),0,DD12+1) | DE13: =IF(OR($B13=0,E13=""),0,DE12+1) | DF13: =IF(OR($B13=0,F13=""),0,DF12+1) | DG13: =IF(OR($B13=0,G13=""),0,DG12+1) | DH13: =IF(OR($B13=0,H13=""),0,DH12+1) | DI13: =IF(OR($B13=0,I13=""),0,DI12+1) | DJ13: =IF(OR($B13=0,J13=""),0,DJ12+1) | ... DV13: =IF(OR($B13=0,V13=""),0,DV12+1) | DW13: ='ตารางเวร'!M$7 | DX13: =IF($B13=0,0,IF(WEEKDAY('ตารางเวร'!M$6,2)=IFERROR(MATCH('ตารางเวร'!$AM$11,'ตารางเวร'!$AO$10:$AO$17,0),0),1,0))
A14: 12 | B14: =IF(12>DAY(EOMONTH(DATE('ตารางเวร'!$B$3-543,'ตารางเวร'!$B$2,1),0)),0,1) | C14: =IF($B14=0,"",IFERROR(TRIM(INDEX('ตารางเวร'!$C$10:$AG$29,1,$A14)),"")) | D14: =IF($B14=0,"",IFERROR(TRIM(INDEX('ตารางเวร'!$C$10:$AG$29,2,$A14)),"")) | E14: =IF($B14=0,"",IFERROR(TRIM(INDEX('ตารางเวร'!$C$10:$AG$29,3,$A14)),"")) | F14: =IF($B14=0,"",IFERROR(TRIM(INDEX('ตารางเวร'!$C$10:$AG$29,4,$A14)),"")) | G14: =IF($B14=0,"",IFERROR(TRIM(INDEX('ตารางเวร'!$C$10:$AG$29,5,$A14)),"")) | H14: =IF($B14=0,"",IFERROR(TRIM(INDEX('ตารางเวร'!$C$10:$AG$29,6,$A14)),"")) | I14: =IF($B14=0,"",IFERROR(TRIM(INDEX('ตารางเวร'!$C$10:$AG$29,7,$A14)),"")) | J14: =IF($B14=0,"",IFERROR(TRIM(INDEX('ตารางเวร'!$C$10:$AG$29,8,$A14)),"")) | K14: =IF($B14=0,"",IFERROR(TRIM(INDEX('ตารางเวร'!$C$10:$AG$29,9,$A14)),"")) | L14: =IF($B14=0,"",IFERROR(TRIM(INDEX('ตารางเวร'!$C$10:$AG$29,10,$A14)),"")) | M14: =IF($B14=0,"",IFERROR(TRIM(INDEX('ตารางเวร'!$C$10:$AG$29,11,$A14)),"")) | N14: =IF($B14=0,"",IFERROR(TRIM(INDEX('ตารางเวร'!$C$10:$AG$29,12,$A14)),"")) | O14: =IF($B14=0,"",IFERROR(TRIM(INDEX('ตารางเวร'!$C$10:$AG$29,13,$A14)),"")) | P14: =IF($B14=0,"",IFERROR(TRIM(INDEX('ตารางเวร'!$C$10:$AG$29,14,$A14)),"")) | Q14: =IF($B14=0,"",IFERROR(TRIM(INDEX('ตารางเวร'!$C$10:$AG$29,15,$A14)),"")) | R14: =IF($B14=0,"",IFERROR(TRIM(INDEX('ตารางเวร'!$C$10:$AG$29,16,$A14)),"")) | S14: =IF($B14=0,"",IFERROR(TRIM(INDEX('ตารางเวร'!$C$10:$AG$29,17,$A14)),"")) | T14: =IF($B14=0,"",IFERROR(TRIM(INDEX('ตารางเวร'!$C$10:$AG$29,18,$A14)),"")) | U14: =IF($B14=0,"",IFERROR(TRIM(INDEX('ตารางเวร'!$C$10:$AG$29,19,$A14)),"")) | V14: =IF($B14=0,"",IFERROR(TRIM(INDEX('ตารางเวร'!$C$10:$AG$29,20,$A14)),"")) | W14: =IF(AND($B14=1,C14<>"",ISNUMBER(FIND("*",C14))),MOD((MOD('ตารางเวร'!$B$4,9973)*7919+$A14*40289)*(1*104729+7919),99991)*100+1,999999999) | X14: =IF(AND($B14=1,D14<>"",ISNUMBER(FIND("*",D14))),MOD((MOD('ตารางเวร'!$B$4,9973)*7919+$A14*40289)*(2*104729+7919),99991)*100+2,999999999) | Y14: =IF(AND($B14=1,E14<>"",ISNUMBER(FIND("*",E14))),MOD((MOD('ตารางเวร'!$B$4,9973)*7919+$A14*40289)*(3*104729+7919),99991)*100+3,999999999) | Z14: =IF(AND($B14=1,F14<>"",ISNUMBER(FIND("*",F14))),MOD((MOD('ตารางเวร'!$B$4,9973)*7919+$A14*40289)*(4*104729+7919),99991)*100+4,999999999) | AA14: =IF(AND($B14=1,G14<>"",ISNUMBER(FIND("*",G14))),MOD((MOD('ตารางเวร'!$B$4,9973)*7919+$A14*40289)*(5*104729+7919),99991)*100+5,999999999) | AB14: =IF(AND($B14=1,H14<>"",ISNUMBER(FIND("*",H14))),MOD((MOD('ตารางเวร'!$B$4,9973)*7919+$A14*40289)*(6*104729+7919),99991)*100+6,999999999) | AC14: =IF(AND($B14=1,I14<>"",ISNUMBER(FIND("*",I14))),MOD((MOD('ตารางเวร'!$B$4,9973)*7919+$A14*40289)*(7*104729+7919),99991)*100+7,999999999) | AD14: =IF(AND($B14=1,J14<>"",ISNUMBER(FIND("*",J14))),MOD((MOD('ตารางเวร'!$B$4,9973)*7919+$A14*40289)*(8*104729+7919),99991)*100+8,999999999) | AE14: =IF(AND($B14=1,K14<>"",ISNUMBER(FIND("*",K14))),MOD((MOD('ตารางเวร'!$B$4,9973)*7919+$A14*40289)*(9*104729+7919),99991)*100+9,999999999) | AF14: =IF(AND($B14=1,L14<>"",ISNUMBER(FIND("*",L14))),MOD((MOD('ตารางเวร'!$B$4,9973)*7919+$A14*40289)*(10*104729+7919),99991)*100+10,999999999) | AG14: =IF(AND($B14=1,M14<>"",ISNUMBER(FIND("*",M14))),MOD((MOD('ตารางเวร'!$B$4,9973)*7919+$A14*40289)*(11*104729+7919),99991)*100+11,999999999) | AH14: =IF(AND($B14=1,N14<>"",ISNUMBER(FIND("*",N14))),MOD((MOD('ตารางเวร'!$B$4,9973)*7919+$A14*40289)*(12*104729+7919),99991)*100+12,999999999) | AI14: =IF(AND($B14=1,O14<>"",ISNUMBER(FIND("*",O14))),MOD((MOD('ตารางเวร'!$B$4,9973)*7919+$A14*40289)*(13*104729+7919),99991)*100+13,999999999) | AJ14: =IF(AND($B14=1,P14<>"",ISNUMBER(FIND("*",P14))),MOD((MOD('ตารางเวร'!$B$4,9973)*7919+$A14*40289)*(14*104729+7919),99991)*100+14,999999999) | AK14: =IF(AND($B14=1,Q14<>"",ISNUMBER(FIND("*",Q14))),MOD((MOD('ตารางเวร'!$B$4,9973)*7919+$A14*40289)*(15*104729+7919),99991)*100+15,999999999) | AL14: =IF(AND($B14=1,R14<>"",ISNUMBER(FIND("*",R14))),MOD((MOD('ตารางเวร'!$B$4,9973)*7919+$A14*40289)*(16*104729+7919),99991)*100+16,999999999) | AM14: =IF(AND($B14=1,S14<>"",ISNUMBER(FIND("*",S14))),MOD((MOD('ตารางเวร'!$B$4,9973)*7919+$A14*40289)*(17*104729+7919),99991)*100+17,999999999) | AN14: =IF(AND($B14=1,T14<>"",ISNUMBER(FIND("*",T14))),MOD((MOD('ตารางเวร'!$B$4,9973)*7919+$A14*40289)*(18*104729+7919),99991)*100+18,999999999) | AO14: =IF(AND($B14=1,U14<>"",ISNUMBER(FIND("*",U14))),MOD((MOD('ตารางเวร'!$B$4,9973)*7919+$A14*40289)*(19*104729+7919),99991)*100+19,999999999) | AP14: =IF(AND($B14=1,V14<>"",ISNUMBER(FIND("*",V14))),MOD((MOD('ตารางเวร'!$B$4,9973)*7919+$A14*40289)*(20*104729+7919),99991)*100+20,999999999) | AQ14: =IF(TRIM('ตารางเวร'!$B$10)<>"",999999999,W14) | AR14: =IF(TRIM('ตารางเวร'!$B$11)<>"",999999999,X14) | AS14: =IF(TRIM('ตารางเวร'!$B$12)<>"",999999999,Y14) | AT14: =IF(TRIM('ตารางเวร'!$B$13)<>"",999999999,Z14) | AU14: =IF(TRIM('ตารางเวร'!$B$14)<>"",999999999,AA14) | AV14: =IF(TRIM('ตารางเวร'!$B$15)<>"",999999999,AB14) | AW14: =IF(TRIM('ตารางเวร'!$B$16)<>"",999999999,AC14) | AX14: =IF(TRIM('ตารางเวร'!$B$17)<>"",999999999,AD14) | AY14: =IF(TRIM('ตารางเวร'!$B$18)<>"",999999999,AE14) | AZ14: =IF(TRIM('ตารางเวร'!$B$19)<>"",999999999,AF14) | BA14: =IF(TRIM('ตารางเวร'!$B$20)<>"",999999999,AG14) | BB14: =IF(TRIM('ตารางเวร'!$B$21)<>"",999999999,AH14) | BC14: =IF(TRIM('ตารางเวร'!$B$22)<>"",999999999,AI14) | BD14: =IF(TRIM('ตารางเวร'!$B$23)<>"",999999999,AJ14) | BE14: =IF(TRIM('ตารางเวร'!$B$24)<>"",999999999,AK14) | BF14: =IF(TRIM('ตารางเวร'!$B$25)<>"",999999999,AL14) | BG14: =IF(TRIM('ตารางเวร'!$B$26)<>"",999999999,AM14) | BH14: =IF(TRIM('ตารางเวร'!$B$27)<>"",999999999,AN14) | BI14: =IF(TRIM('ตารางเวร'!$B$28)<>"",999999999,AO14) | BJ14: =IF(TRIM('ตารางเวร'!$B$29)<>"",999999999,AP14) | BK14: =IF(AND($B14=1,C14<>"",NOT(ISNUMBER(FIND("*",C14)))),1,999999) | BL14: =IF(AND($B14=1,D14<>"",NOT(ISNUMBER(FIND("*",D14)))),2,999999) | BM14: =IF(AND($B14=1,E14<>"",NOT(ISNUMBER(FIND("*",E14)))),3,999999) | BN14: =IF(AND($B14=1,F14<>"",NOT(ISNUMBER(FIND("*",F14)))),4,999999) | BO14: =IF(AND($B14=1,G14<>"",NOT(ISNUMBER(FIND("*",G14)))),5,999999) | BP14: =IF(AND($B14=1,H14<>"",NOT(ISNUMBER(FIND("*",H14)))),6,999999) | BQ14: =IF(AND($B14=1,I14<>"",NOT(ISNUMBER(FIND("*",I14)))),7,999999) | BR14: =IF(AND($B14=1,J14<>"",NOT(ISNUMBER(FIND("*",J14)))),8,999999) | BS14: =IF(AND($B14=1,K14<>"",NOT(ISNUMBER(FIND("*",K14)))),9,999999) | BT14: =IF(AND($B14=1,L14<>"",NOT(ISNUMBER(FIND("*",L14)))),10,999999) | BU14: =IF(AND($B14=1,M14<>"",NOT(ISNUMBER(FIND("*",M14)))),11,999999) | BV14: =IF(AND($B14=1,N14<>"",NOT(ISNUMBER(FIND("*",N14)))),12,999999) | BW14: =IF(AND($B14=1,O14<>"",NOT(ISNUMBER(FIND("*",O14)))),13,999999) | BX14: =IF(AND($B14=1,P14<>"",NOT(ISNUMBER(FIND("*",P14)))),14,999999) | BY14: =IF(AND($B14=1,Q14<>"",NOT(ISNUMBER(FIND("*",Q14)))),15,999999) | BZ14: =IF(AND($B14=1,R14<>"",NOT(ISNUMBER(FIND("*",R14)))),16,999999) | CA14: =IF(AND($B14=1,S14<>"",NOT(ISNUMBER(FIND("*",S14)))),17,999999) | CB14: =IF(AND($B14=1,T14<>"",NOT(ISNUMBER(FIND("*",T14)))),18,999999) | CC14: =IF(AND($B14=1,U14<>"",NOT(ISNUMBER(FIND("*",U14)))),19,999999) | CD14: =IF(AND($B14=1,V14<>"",NOT(ISNUMBER(FIND("*",V14)))),20,999999) | CE14: =IF(MIN(AQ14:BJ14)>=999999999,0,MATCH(MIN(AQ14:BJ14),AQ14:BJ14,0)) | CF14: =IF($CE14=1,999999999,W14) | CG14: =IF($CE14=2,999999999,X14) | CH14: =IF($CE14=3,999999999,Y14) | CI14: =IF($CE14=4,999999999,Z14) | CJ14: =IF($CE14=5,999999999,AA14) | CK14: =IF($CE14=6,999999999,AB14) | CL14: =IF($CE14=7,999999999,AC14) | CM14: =IF($CE14=8,999999999,AD14) | CN14: =IF($CE14=9,999999999,AE14) | CO14: =IF($CE14=10,999999999,AF14) | CP14: =IF($CE14=11,999999999,AG14) | CQ14: =IF($CE14=12,999999999,AH14) | CR14: =IF($CE14=13,999999999,AI14) | CS14: =IF($CE14=14,999999999,AJ14) | CT14: =IF($CE14=15,999999999,AK14) | CU14: =IF($CE14=16,999999999,AL14) | CV14: =IF($CE14=17,999999999,AM14) | CW14: =IF($CE14=18,999999999,AN14) | CX14: =IF($CE14=19,999999999,AO14) | CY14: =IF($CE14=20,999999999,AP14) | CZ14: =COUNTIF(W14:AP14,"<999999999") | DA14: =COUNTIF(BK14:CD14,"<999999") | DB14: =$CZ14-IF($CE14>0,1,0) | DC14: =IF(OR($B14=0,C14=""),0,DC13+1) | DD14: =IF(OR($B14=0,D14=""),0,DD13+1) | DE14: =IF(OR($B14=0,E14=""),0,DE13+1) | DF14: =IF(OR($B14=0,F14=""),0,DF13+1) | DG14: =IF(OR($B14=0,G14=""),0,DG13+1) | DH14: =IF(OR($B14=0,H14=""),0,DH13+1) | DI14: =IF(OR($B14=0,I14=""),0,DI13+1) | DJ14: =IF(OR($B14=0,J14=""),0,DJ13+1) | ... DV14: =IF(OR($B14=0,V14=""),0,DV13+1) | DW14: ='ตารางเวร'!N$7 | DX14: =IF($B14=0,0,IF(WEEKDAY('ตารางเวร'!N$6,2)=IFERROR(MATCH('ตารางเวร'!$AM$11,'ตารางเวร'!$AO$10:$AO$17,0),0),1,0))
A15: 13 | B15: =IF(13>DAY(EOMONTH(DATE('ตารางเวร'!$B$3-543,'ตารางเวร'!$B$2,1),0)),0,1) | C15: =IF($B15=0,"",IFERROR(TRIM(INDEX('ตารางเวร'!$C$10:$AG$29,1,$A15)),"")) | D15: =IF($B15=0,"",IFERROR(TRIM(INDEX('ตารางเวร'!$C$10:$AG$29,2,$A15)),"")) | E15: =IF($B15=0,"",IFERROR(TRIM(INDEX('ตารางเวร'!$C$10:$AG$29,3,$A15)),"")) | F15: =IF($B15=0,"",IFERROR(TRIM(INDEX('ตารางเวร'!$C$10:$AG$29,4,$A15)),"")) | G15: =IF($B15=0,"",IFERROR(TRIM(INDEX('ตารางเวร'!$C$10:$AG$29,5,$A15)),"")) | H15: =IF($B15=0,"",IFERROR(TRIM(INDEX('ตารางเวร'!$C$10:$AG$29,6,$A15)),"")) | I15: =IF($B15=0,"",IFERROR(TRIM(INDEX('ตารางเวร'!$C$10:$AG$29,7,$A15)),"")) | J15: =IF($B15=0,"",IFERROR(TRIM(INDEX('ตารางเวร'!$C$10:$AG$29,8,$A15)),"")) | K15: =IF($B15=0,"",IFERROR(TRIM(INDEX('ตารางเวร'!$C$10:$AG$29,9,$A15)),"")) | L15: =IF($B15=0,"",IFERROR(TRIM(INDEX('ตารางเวร'!$C$10:$AG$29,10,$A15)),"")) | M15: =IF($B15=0,"",IFERROR(TRIM(INDEX('ตารางเวร'!$C$10:$AG$29,11,$A15)),"")) | N15: =IF($B15=0,"",IFERROR(TRIM(INDEX('ตารางเวร'!$C$10:$AG$29,12,$A15)),"")) | O15: =IF($B15=0,"",IFERROR(TRIM(INDEX('ตารางเวร'!$C$10:$AG$29,13,$A15)),"")) | P15: =IF($B15=0,"",IFERROR(TRIM(INDEX('ตารางเวร'!$C$10:$AG$29,14,$A15)),"")) | Q15: =IF($B15=0,"",IFERROR(TRIM(INDEX('ตารางเวร'!$C$10:$AG$29,15,$A15)),"")) | R15: =IF($B15=0,"",IFERROR(TRIM(INDEX('ตารางเวร'!$C$10:$AG$29,16,$A15)),"")) | S15: =IF($B15=0,"",IFERROR(TRIM(INDEX('ตารางเวร'!$C$10:$AG$29,17,$A15)),"")) | T15: =IF($B15=0,"",IFERROR(TRIM(INDEX('ตารางเวร'!$C$10:$AG$29,18,$A15)),"")) | U15: =IF($B15=0,"",IFERROR(TRIM(INDEX('ตารางเวร'!$C$10:$AG$29,19,$A15)),"")) | V15: =IF($B15=0,"",IFERROR(TRIM(INDEX('ตารางเวร'!$C$10:$AG$29,20,$A15)),"")) | W15: =IF(AND($B15=1,C15<>"",ISNUMBER(FIND("*",C15))),MOD((MOD('ตารางเวร'!$B$4,9973)*7919+$A15*40289)*(1*104729+7919),99991)*100+1,999999999) | X15: =IF(AND($B15=1,D15<>"",ISNUMBER(FIND("*",D15))),MOD((MOD('ตารางเวร'!$B$4,9973)*7919+$A15*40289)*(2*104729+7919),99991)*100+2,999999999) | Y15: =IF(AND($B15=1,E15<>"",ISNUMBER(FIND("*",E15))),MOD((MOD('ตารางเวร'!$B$4,9973)*7919+$A15*40289)*(3*104729+7919),99991)*100+3,999999999) | Z15: =IF(AND($B15=1,F15<>"",ISNUMBER(FIND("*",F15))),MOD((MOD('ตารางเวร'!$B$4,9973)*7919+$A15*40289)*(4*104729+7919),99991)*100+4,999999999) | AA15: =IF(AND($B15=1,G15<>"",ISNUMBER(FIND("*",G15))),MOD((MOD('ตารางเวร'!$B$4,9973)*7919+$A15*40289)*(5*104729+7919),99991)*100+5,999999999) | AB15: =IF(AND($B15=1,H15<>"",ISNUMBER(FIND("*",H15))),MOD((MOD('ตารางเวร'!$B$4,9973)*7919+$A15*40289)*(6*104729+7919),99991)*100+6,999999999) | AC15: =IF(AND($B15=1,I15<>"",ISNUMBER(FIND("*",I15))),MOD((MOD('ตารางเวร'!$B$4,9973)*7919+$A15*40289)*(7*104729+7919),99991)*100+7,999999999) | AD15: =IF(AND($B15=1,J15<>"",ISNUMBER(FIND("*",J15))),MOD((MOD('ตารางเวร'!$B$4,9973)*7919+$A15*40289)*(8*104729+7919),99991)*100+8,999999999) | AE15: =IF(AND($B15=1,K15<>"",ISNUMBER(FIND("*",K15))),MOD((MOD('ตารางเวร'!$B$4,9973)*7919+$A15*40289)*(9*104729+7919),99991)*100+9,999999999) | AF15: =IF(AND($B15=1,L15<>"",ISNUMBER(FIND("*",L15))),MOD((MOD('ตารางเวร'!$B$4,9973)*7919+$A15*40289)*(10*104729+7919),99991)*100+10,999999999) | AG15: =IF(AND($B15=1,M15<>"",ISNUMBER(FIND("*",M15))),MOD((MOD('ตารางเวร'!$B$4,9973)*7919+$A15*40289)*(11*104729+7919),99991)*100+11,999999999) | AH15: =IF(AND($B15=1,N15<>"",ISNUMBER(FIND("*",N15))),MOD((MOD('ตารางเวร'!$B$4,9973)*7919+$A15*40289)*(12*104729+7919),99991)*100+12,999999999) | AI15: =IF(AND($B15=1,O15<>"",ISNUMBER(FIND("*",O15))),MOD((MOD('ตารางเวร'!$B$4,9973)*7919+$A15*40289)*(13*104729+7919),99991)*100+13,999999999) | AJ15: =IF(AND($B15=1,P15<>"",ISNUMBER(FIND("*",P15))),MOD((MOD('ตารางเวร'!$B$4,9973)*7919+$A15*40289)*(14*104729+7919),99991)*100+14,999999999) | AK15: =IF(AND($B15=1,Q15<>"",ISNUMBER(FIND("*",Q15))),MOD((MOD('ตารางเวร'!$B$4,9973)*7919+$A15*40289)*(15*104729+7919),99991)*100+15,999999999) | AL15: =IF(AND($B15=1,R15<>"",ISNUMBER(FIND("*",R15))),MOD((MOD('ตารางเวร'!$B$4,9973)*7919+$A15*40289)*(16*104729+7919),99991)*100+16,999999999) | AM15: =IF(AND($B15=1,S15<>"",ISNUMBER(FIND("*",S15))),MOD((MOD('ตารางเวร'!$B$4,9973)*7919+$A15*40289)*(17*104729+7919),99991)*100+17,999999999) | AN15: =IF(AND($B15=1,T15<>"",ISNUMBER(FIND("*",T15))),MOD((MOD('ตารางเวร'!$B$4,9973)*7919+$A15*40289)*(18*104729+7919),99991)*100+18,999999999) | AO15: =IF(AND($B15=1,U15<>"",ISNUMBER(FIND("*",U15))),MOD((MOD('ตารางเวร'!$B$4,9973)*7919+$A15*40289)*(19*104729+7919),99991)*100+19,999999999) | AP15: =IF(AND($B15=1,V15<>"",ISNUMBER(FIND("*",V15))),MOD((MOD('ตารางเวร'!$B$4,9973)*7919+$A15*40289)*(20*104729+7919),99991)*100+20,999999999) | AQ15: =IF(TRIM('ตารางเวร'!$B$10)<>"",999999999,W15) | AR15: =IF(TRIM('ตารางเวร'!$B$11)<>"",999999999,X15) | AS15: =IF(TRIM('ตารางเวร'!$B$12)<>"",999999999,Y15) | AT15: =IF(TRIM('ตารางเวร'!$B$13)<>"",999999999,Z15) | AU15: =IF(TRIM('ตารางเวร'!$B$14)<>"",999999999,AA15) | AV15: =IF(TRIM('ตารางเวร'!$B$15)<>"",999999999,AB15) | AW15: =IF(TRIM('ตารางเวร'!$B$16)<>"",999999999,AC15) | AX15: =IF(TRIM('ตารางเวร'!$B$17)<>"",999999999,AD15) | AY15: =IF(TRIM('ตารางเวร'!$B$18)<>"",999999999,AE15) | AZ15: =IF(TRIM('ตารางเวร'!$B$19)<>"",999999999,AF15) | BA15: =IF(TRIM('ตารางเวร'!$B$20)<>"",999999999,AG15) | BB15: =IF(TRIM('ตารางเวร'!$B$21)<>"",999999999,AH15) | BC15: =IF(TRIM('ตารางเวร'!$B$22)<>"",999999999,AI15) | BD15: =IF(TRIM('ตารางเวร'!$B$23)<>"",999999999,AJ15) | BE15: =IF(TRIM('ตารางเวร'!$B$24)<>"",999999999,AK15) | BF15: =IF(TRIM('ตารางเวร'!$B$25)<>"",999999999,AL15) | BG15: =IF(TRIM('ตารางเวร'!$B$26)<>"",999999999,AM15) | BH15: =IF(TRIM('ตารางเวร'!$B$27)<>"",999999999,AN15) | BI15: =IF(TRIM('ตารางเวร'!$B$28)<>"",999999999,AO15) | BJ15: =IF(TRIM('ตารางเวร'!$B$29)<>"",999999999,AP15) | BK15: =IF(AND($B15=1,C15<>"",NOT(ISNUMBER(FIND("*",C15)))),1,999999) | BL15: =IF(AND($B15=1,D15<>"",NOT(ISNUMBER(FIND("*",D15)))),2,999999) | BM15: =IF(AND($B15=1,E15<>"",NOT(ISNUMBER(FIND("*",E15)))),3,999999) | BN15: =IF(AND($B15=1,F15<>"",NOT(ISNUMBER(FIND("*",F15)))),4,999999) | BO15: =IF(AND($B15=1,G15<>"",NOT(ISNUMBER(FIND("*",G15)))),5,999999) | BP15: =IF(AND($B15=1,H15<>"",NOT(ISNUMBER(FIND("*",H15)))),6,999999) | BQ15: =IF(AND($B15=1,I15<>"",NOT(ISNUMBER(FIND("*",I15)))),7,999999) | BR15: =IF(AND($B15=1,J15<>"",NOT(ISNUMBER(FIND("*",J15)))),8,999999) | BS15: =IF(AND($B15=1,K15<>"",NOT(ISNUMBER(FIND("*",K15)))),9,999999) | BT15: =IF(AND($B15=1,L15<>"",NOT(ISNUMBER(FIND("*",L15)))),10,999999) | BU15: =IF(AND($B15=1,M15<>"",NOT(ISNUMBER(FIND("*",M15)))),11,999999) | BV15: =IF(AND($B15=1,N15<>"",NOT(ISNUMBER(FIND("*",N15)))),12,999999) | BW15: =IF(AND($B15=1,O15<>"",NOT(ISNUMBER(FIND("*",O15)))),13,999999) | BX15: =IF(AND($B15=1,P15<>"",NOT(ISNUMBER(FIND("*",P15)))),14,999999) | BY15: =IF(AND($B15=1,Q15<>"",NOT(ISNUMBER(FIND("*",Q15)))),15,999999) | BZ15: =IF(AND($B15=1,R15<>"",NOT(ISNUMBER(FIND("*",R15)))),16,999999) | CA15: =IF(AND($B15=1,S15<>"",NOT(ISNUMBER(FIND("*",S15)))),17,999999) | CB15: =IF(AND($B15=1,T15<>"",NOT(ISNUMBER(FIND("*",T15)))),18,999999) | CC15: =IF(AND($B15=1,U15<>"",NOT(ISNUMBER(FIND("*",U15)))),19,999999) | CD15: =IF(AND($B15=1,V15<>"",NOT(ISNUMBER(FIND("*",V15)))),20,999999) | CE15: =IF(MIN(AQ15:BJ15)>=999999999,0,MATCH(MIN(AQ15:BJ15),AQ15:BJ15,0)) | CF15: =IF($CE15=1,999999999,W15) | CG15: =IF($CE15=2,999999999,X15) | CH15: =IF($CE15=3,999999999,Y15) | CI15: =IF($CE15=4,999999999,Z15) | CJ15: =IF($CE15=5,999999999,AA15) | CK15: =IF($CE15=6,999999999,AB15) | CL15: =IF($CE15=7,999999999,AC15) | CM15: =IF($CE15=8,999999999,AD15) | CN15: =IF($CE15=9,999999999,AE15) | CO15: =IF($CE15=10,999999999,AF15) | CP15: =IF($CE15=11,999999999,AG15) | CQ15: =IF($CE15=12,999999999,AH15) | CR15: =IF($CE15=13,999999999,AI15) | CS15: =IF($CE15=14,999999999,AJ15) | CT15: =IF($CE15=15,999999999,AK15) | CU15: =IF($CE15=16,999999999,AL15) | CV15: =IF($CE15=17,999999999,AM15) | CW15: =IF($CE15=18,999999999,AN15) | CX15: =IF($CE15=19,999999999,AO15) | CY15: =IF($CE15=20,999999999,AP15) | CZ15: =COUNTIF(W15:AP15,"<999999999") | DA15: =COUNTIF(BK15:CD15,"<999999") | DB15: =$CZ15-IF($CE15>0,1,0) | DC15: =IF(OR($B15=0,C15=""),0,DC14+1) | DD15: =IF(OR($B15=0,D15=""),0,DD14+1) | DE15: =IF(OR($B15=0,E15=""),0,DE14+1) | DF15: =IF(OR($B15=0,F15=""),0,DF14+1) | DG15: =IF(OR($B15=0,G15=""),0,DG14+1) | DH15: =IF(OR($B15=0,H15=""),0,DH14+1) | DI15: =IF(OR($B15=0,I15=""),0,DI14+1) | DJ15: =IF(OR($B15=0,J15=""),0,DJ14+1) | ... DV15: =IF(OR($B15=0,V15=""),0,DV14+1) | DW15: ='ตารางเวร'!O$7 | DX15: =IF($B15=0,0,IF(WEEKDAY('ตารางเวร'!O$6,2)=IFERROR(MATCH('ตารางเวร'!$AM$11,'ตารางเวร'!$AO$10:$AO$17,0),0),1,0))
A16: 14 | B16: =IF(14>DAY(EOMONTH(DATE('ตารางเวร'!$B$3-543,'ตารางเวร'!$B$2,1),0)),0,1) | C16: =IF($B16=0,"",IFERROR(TRIM(INDEX('ตารางเวร'!$C$10:$AG$29,1,$A16)),"")) | D16: =IF($B16=0,"",IFERROR(TRIM(INDEX('ตารางเวร'!$C$10:$AG$29,2,$A16)),"")) | E16: =IF($B16=0,"",IFERROR(TRIM(INDEX('ตารางเวร'!$C$10:$AG$29,3,$A16)),"")) | F16: =IF($B16=0,"",IFERROR(TRIM(INDEX('ตารางเวร'!$C$10:$AG$29,4,$A16)),"")) | G16: =IF($B16=0,"",IFERROR(TRIM(INDEX('ตารางเวร'!$C$10:$AG$29,5,$A16)),"")) | H16: =IF($B16=0,"",IFERROR(TRIM(INDEX('ตารางเวร'!$C$10:$AG$29,6,$A16)),"")) | I16: =IF($B16=0,"",IFERROR(TRIM(INDEX('ตารางเวร'!$C$10:$AG$29,7,$A16)),"")) | J16: =IF($B16=0,"",IFERROR(TRIM(INDEX('ตารางเวร'!$C$10:$AG$29,8,$A16)),"")) | K16: =IF($B16=0,"",IFERROR(TRIM(INDEX('ตารางเวร'!$C$10:$AG$29,9,$A16)),"")) | L16: =IF($B16=0,"",IFERROR(TRIM(INDEX('ตารางเวร'!$C$10:$AG$29,10,$A16)),"")) | M16: =IF($B16=0,"",IFERROR(TRIM(INDEX('ตารางเวร'!$C$10:$AG$29,11,$A16)),"")) | N16: =IF($B16=0,"",IFERROR(TRIM(INDEX('ตารางเวร'!$C$10:$AG$29,12,$A16)),"")) | O16: =IF($B16=0,"",IFERROR(TRIM(INDEX('ตารางเวร'!$C$10:$AG$29,13,$A16)),"")) | P16: =IF($B16=0,"",IFERROR(TRIM(INDEX('ตารางเวร'!$C$10:$AG$29,14,$A16)),"")) | Q16: =IF($B16=0,"",IFERROR(TRIM(INDEX('ตารางเวร'!$C$10:$AG$29,15,$A16)),"")) | R16: =IF($B16=0,"",IFERROR(TRIM(INDEX('ตารางเวร'!$C$10:$AG$29,16,$A16)),"")) | S16: =IF($B16=0,"",IFERROR(TRIM(INDEX('ตารางเวร'!$C$10:$AG$29,17,$A16)),"")) | T16: =IF($B16=0,"",IFERROR(TRIM(INDEX('ตารางเวร'!$C$10:$AG$29,18,$A16)),"")) | U16: =IF($B16=0,"",IFERROR(TRIM(INDEX('ตารางเวร'!$C$10:$AG$29,19,$A16)),"")) | V16: =IF($B16=0,"",IFERROR(TRIM(INDEX('ตารางเวร'!$C$10:$AG$29,20,$A16)),"")) | W16: =IF(AND($B16=1,C16<>"",ISNUMBER(FIND("*",C16))),MOD((MOD('ตารางเวร'!$B$4,9973)*7919+$A16*40289)*(1*104729+7919),99991)*100+1,999999999) | X16: =IF(AND($B16=1,D16<>"",ISNUMBER(FIND("*",D16))),MOD((MOD('ตารางเวร'!$B$4,9973)*7919+$A16*40289)*(2*104729+7919),99991)*100+2,999999999) | Y16: =IF(AND($B16=1,E16<>"",ISNUMBER(FIND("*",E16))),MOD((MOD('ตารางเวร'!$B$4,9973)*7919+$A16*40289)*(3*104729+7919),99991)*100+3,999999999) | Z16: =IF(AND($B16=1,F16<>"",ISNUMBER(FIND("*",F16))),MOD((MOD('ตารางเวร'!$B$4,9973)*7919+$A16*40289)*(4*104729+7919),99991)*100+4,999999999) | AA16: =IF(AND($B16=1,G16<>"",ISNUMBER(FIND("*",G16))),MOD((MOD('ตารางเวร'!$B$4,9973)*7919+$A16*40289)*(5*104729+7919),99991)*100+5,999999999) | AB16: =IF(AND($B16=1,H16<>"",ISNUMBER(FIND("*",H16))),MOD((MOD('ตารางเวร'!$B$4,9973)*7919+$A16*40289)*(6*104729+7919),99991)*100+6,999999999) | AC16: =IF(AND($B16=1,I16<>"",ISNUMBER(FIND("*",I16))),MOD((MOD('ตารางเวร'!$B$4,9973)*7919+$A16*40289)*(7*104729+7919),99991)*100+7,999999999) | AD16: =IF(AND($B16=1,J16<>"",ISNUMBER(FIND("*",J16))),MOD((MOD('ตารางเวร'!$B$4,9973)*7919+$A16*40289)*(8*104729+7919),99991)*100+8,999999999) | AE16: =IF(AND($B16=1,K16<>"",ISNUMBER(FIND("*",K16))),MOD((MOD('ตารางเวร'!$B$4,9973)*7919+$A16*40289)*(9*104729+7919),99991)*100+9,999999999) | AF16: =IF(AND($B16=1,L16<>"",ISNUMBER(FIND("*",L16))),MOD((MOD('ตารางเวร'!$B$4,9973)*7919+$A16*40289)*(10*104729+7919),99991)*100+10,999999999) | AG16: =IF(AND($B16=1,M16<>"",ISNUMBER(FIND("*",M16))),MOD((MOD('ตารางเวร'!$B$4,9973)*7919+$A16*40289)*(11*104729+7919),99991)*100+11,999999999) | AH16: =IF(AND($B16=1,N16<>"",ISNUMBER(FIND("*",N16))),MOD((MOD('ตารางเวร'!$B$4,9973)*7919+$A16*40289)*(12*104729+7919),99991)*100+12,999999999) | AI16: =IF(AND($B16=1,O16<>"",ISNUMBER(FIND("*",O16))),MOD((MOD('ตารางเวร'!$B$4,9973)*7919+$A16*40289)*(13*104729+7919),99991)*100+13,999999999) | AJ16: =IF(AND($B16=1,P16<>"",ISNUMBER(FIND("*",P16))),MOD((MOD('ตารางเวร'!$B$4,9973)*7919+$A16*40289)*(14*104729+7919),99991)*100+14,999999999) | AK16: =IF(AND($B16=1,Q16<>"",ISNUMBER(FIND("*",Q16))),MOD((MOD('ตารางเวร'!$B$4,9973)*7919+$A16*40289)*(15*104729+7919),99991)*100+15,999999999) | AL16: =IF(AND($B16=1,R16<>"",ISNUMBER(FIND("*",R16))),MOD((MOD('ตารางเวร'!$B$4,9973)*7919+$A16*40289)*(16*104729+7919),99991)*100+16,999999999) | AM16: =IF(AND($B16=1,S16<>"",ISNUMBER(FIND("*",S16))),MOD((MOD('ตารางเวร'!$B$4,9973)*7919+$A16*40289)*(17*104729+7919),99991)*100+17,999999999) | AN16: =IF(AND($B16=1,T16<>"",ISNUMBER(FIND("*",T16))),MOD((MOD('ตารางเวร'!$B$4,9973)*7919+$A16*40289)*(18*104729+7919),99991)*100+18,999999999) | AO16: =IF(AND($B16=1,U16<>"",ISNUMBER(FIND("*",U16))),MOD((MOD('ตารางเวร'!$B$4,9973)*7919+$A16*40289)*(19*104729+7919),99991)*100+19,999999999) | AP16: =IF(AND($B16=1,V16<>"",ISNUMBER(FIND("*",V16))),MOD((MOD('ตารางเวร'!$B$4,9973)*7919+$A16*40289)*(20*104729+7919),99991)*100+20,999999999) | AQ16: =IF(TRIM('ตารางเวร'!$B$10)<>"",999999999,W16) | AR16: =IF(TRIM('ตารางเวร'!$B$11)<>"",999999999,X16) | AS16: =IF(TRIM('ตารางเวร'!$B$12)<>"",999999999,Y16) | AT16: =IF(TRIM('ตารางเวร'!$B$13)<>"",999999999,Z16) | AU16: =IF(TRIM('ตารางเวร'!$B$14)<>"",999999999,AA16) | AV16: =IF(TRIM('ตารางเวร'!$B$15)<>"",999999999,AB16) | AW16: =IF(TRIM('ตารางเวร'!$B$16)<>"",999999999,AC16) | AX16: =IF(TRIM('ตารางเวร'!$B$17)<>"",999999999,AD16) | AY16: =IF(TRIM('ตารางเวร'!$B$18)<>"",999999999,AE16) | AZ16: =IF(TRIM('ตารางเวร'!$B$19)<>"",999999999,AF16) | BA16: =IF(TRIM('ตารางเวร'!$B$20)<>"",999999999,AG16) | BB16: =IF(TRIM('ตารางเวร'!$B$21)<>"",999999999,AH16) | BC16: =IF(TRIM('ตารางเวร'!$B$22)<>"",999999999,AI16) | BD16: =IF(TRIM('ตารางเวร'!$B$23)<>"",999999999,AJ16) | BE16: =IF(TRIM('ตารางเวร'!$B$24)<>"",999999999,AK16) | BF16: =IF(TRIM('ตารางเวร'!$B$25)<>"",999999999,AL16) | BG16: =IF(TRIM('ตารางเวร'!$B$26)<>"",999999999,AM16) | BH16: =IF(TRIM('ตารางเวร'!$B$27)<>"",999999999,AN16) | BI16: =IF(TRIM('ตารางเวร'!$B$28)<>"",999999999,AO16) | BJ16: =IF(TRIM('ตารางเวร'!$B$29)<>"",999999999,AP16) | BK16: =IF(AND($B16=1,C16<>"",NOT(ISNUMBER(FIND("*",C16)))),1,999999) | BL16: =IF(AND($B16=1,D16<>"",NOT(ISNUMBER(FIND("*",D16)))),2,999999) | BM16: =IF(AND($B16=1,E16<>"",NOT(ISNUMBER(FIND("*",E16)))),3,999999) | BN16: =IF(AND($B16=1,F16<>"",NOT(ISNUMBER(FIND("*",F16)))),4,999999) | BO16: =IF(AND($B16=1,G16<>"",NOT(ISNUMBER(FIND("*",G16)))),5,999999) | BP16: =IF(AND($B16=1,H16<>"",NOT(ISNUMBER(FIND("*",H16)))),6,999999) | BQ16: =IF(AND($B16=1,I16<>"",NOT(ISNUMBER(FIND("*",I16)))),7,999999) | BR16: =IF(AND($B16=1,J16<>"",NOT(ISNUMBER(FIND("*",J16)))),8,999999) | BS16: =IF(AND($B16=1,K16<>"",NOT(ISNUMBER(FIND("*",K16)))),9,999999) | BT16: =IF(AND($B16=1,L16<>"",NOT(ISNUMBER(FIND("*",L16)))),10,999999) | BU16: =IF(AND($B16=1,M16<>"",NOT(ISNUMBER(FIND("*",M16)))),11,999999) | BV16: =IF(AND($B16=1,N16<>"",NOT(ISNUMBER(FIND("*",N16)))),12,999999) | BW16: =IF(AND($B16=1,O16<>"",NOT(ISNUMBER(FIND("*",O16)))),13,999999) | BX16: =IF(AND($B16=1,P16<>"",NOT(ISNUMBER(FIND("*",P16)))),14,999999) | BY16: =IF(AND($B16=1,Q16<>"",NOT(ISNUMBER(FIND("*",Q16)))),15,999999) | BZ16: =IF(AND($B16=1,R16<>"",NOT(ISNUMBER(FIND("*",R16)))),16,999999) | CA16: =IF(AND($B16=1,S16<>"",NOT(ISNUMBER(FIND("*",S16)))),17,999999) | CB16: =IF(AND($B16=1,T16<>"",NOT(ISNUMBER(FIND("*",T16)))),18,999999) | CC16: =IF(AND($B16=1,U16<>"",NOT(ISNUMBER(FIND("*",U16)))),19,999999) | CD16: =IF(AND($B16=1,V16<>"",NOT(ISNUMBER(FIND("*",V16)))),20,999999) | CE16: =IF(MIN(AQ16:BJ16)>=999999999,0,MATCH(MIN(AQ16:BJ16),AQ16:BJ16,0)) | CF16: =IF($CE16=1,999999999,W16) | CG16: =IF($CE16=2,999999999,X16) | CH16: =IF($CE16=3,999999999,Y16) | CI16: =IF($CE16=4,999999999,Z16) | CJ16: =IF($CE16=5,999999999,AA16) | CK16: =IF($CE16=6,999999999,AB16) | CL16: =IF($CE16=7,999999999,AC16) | CM16: =IF($CE16=8,999999999,AD16) | CN16: =IF($CE16=9,999999999,AE16) | CO16: =IF($CE16=10,999999999,AF16) | CP16: =IF($CE16=11,999999999,AG16) | CQ16: =IF($CE16=12,999999999,AH16) | CR16: =IF($CE16=13,999999999,AI16) | CS16: =IF($CE16=14,999999999,AJ16) | CT16: =IF($CE16=15,999999999,AK16) | CU16: =IF($CE16=16,999999999,AL16) | CV16: =IF($CE16=17,999999999,AM16) | CW16: =IF($CE16=18,999999999,AN16) | CX16: =IF($CE16=19,999999999,AO16) | CY16: =IF($CE16=20,999999999,AP16) | CZ16: =COUNTIF(W16:AP16,"<999999999") | DA16: =COUNTIF(BK16:CD16,"<999999") | DB16: =$CZ16-IF($CE16>0,1,0) | DC16: =IF(OR($B16=0,C16=""),0,DC15+1) | DD16: =IF(OR($B16=0,D16=""),0,DD15+1) | DE16: =IF(OR($B16=0,E16=""),0,DE15+1) | DF16: =IF(OR($B16=0,F16=""),0,DF15+1) | DG16: =IF(OR($B16=0,G16=""),0,DG15+1) | DH16: =IF(OR($B16=0,H16=""),0,DH15+1) | DI16: =IF(OR($B16=0,I16=""),0,DI15+1) | DJ16: =IF(OR($B16=0,J16=""),0,DJ15+1) | ... DV16: =IF(OR($B16=0,V16=""),0,DV15+1) | DW16: ='ตารางเวร'!P$7 | DX16: =IF($B16=0,0,IF(WEEKDAY('ตารางเวร'!P$6,2)=IFERROR(MATCH('ตารางเวร'!$AM$11,'ตารางเวร'!$AO$10:$AO$17,0),0),1,0))
A17: 15 | B17: =IF(15>DAY(EOMONTH(DATE('ตารางเวร'!$B$3-543,'ตารางเวร'!$B$2,1),0)),0,1) | C17: =IF($B17=0,"",IFERROR(TRIM(INDEX('ตารางเวร'!$C$10:$AG$29,1,$A17)),"")) | D17: =IF($B17=0,"",IFERROR(TRIM(INDEX('ตารางเวร'!$C$10:$AG$29,2,$A17)),"")) | E17: =IF($B17=0,"",IFERROR(TRIM(INDEX('ตารางเวร'!$C$10:$AG$29,3,$A17)),"")) | F17: =IF($B17=0,"",IFERROR(TRIM(INDEX('ตารางเวร'!$C$10:$AG$29,4,$A17)),"")) | G17: =IF($B17=0,"",IFERROR(TRIM(INDEX('ตารางเวร'!$C$10:$AG$29,5,$A17)),"")) | H17: =IF($B17=0,"",IFERROR(TRIM(INDEX('ตารางเวร'!$C$10:$AG$29,6,$A17)),"")) | I17: =IF($B17=0,"",IFERROR(TRIM(INDEX('ตารางเวร'!$C$10:$AG$29,7,$A17)),"")) | J17: =IF($B17=0,"",IFERROR(TRIM(INDEX('ตารางเวร'!$C$10:$AG$29,8,$A17)),"")) | K17: =IF($B17=0,"",IFERROR(TRIM(INDEX('ตารางเวร'!$C$10:$AG$29,9,$A17)),"")) | L17: =IF($B17=0,"",IFERROR(TRIM(INDEX('ตารางเวร'!$C$10:$AG$29,10,$A17)),"")) | M17: =IF($B17=0,"",IFERROR(TRIM(INDEX('ตารางเวร'!$C$10:$AG$29,11,$A17)),"")) | N17: =IF($B17=0,"",IFERROR(TRIM(INDEX('ตารางเวร'!$C$10:$AG$29,12,$A17)),"")) | O17: =IF($B17=0,"",IFERROR(TRIM(INDEX('ตารางเวร'!$C$10:$AG$29,13,$A17)),"")) | P17: =IF($B17=0,"",IFERROR(TRIM(INDEX('ตารางเวร'!$C$10:$AG$29,14,$A17)),"")) | Q17: =IF($B17=0,"",IFERROR(TRIM(INDEX('ตารางเวร'!$C$10:$AG$29,15,$A17)),"")) | R17: =IF($B17=0,"",IFERROR(TRIM(INDEX('ตารางเวร'!$C$10:$AG$29,16,$A17)),"")) | S17: =IF($B17=0,"",IFERROR(TRIM(INDEX('ตารางเวร'!$C$10:$AG$29,17,$A17)),"")) | T17: =IF($B17=0,"",IFERROR(TRIM(INDEX('ตารางเวร'!$C$10:$AG$29,18,$A17)),"")) | U17: =IF($B17=0,"",IFERROR(TRIM(INDEX('ตารางเวร'!$C$10:$AG$29,19,$A17)),"")) | V17: =IF($B17=0,"",IFERROR(TRIM(INDEX('ตารางเวร'!$C$10:$AG$29,20,$A17)),"")) | W17: =IF(AND($B17=1,C17<>"",ISNUMBER(FIND("*",C17))),MOD((MOD('ตารางเวร'!$B$4,9973)*7919+$A17*40289)*(1*104729+7919),99991)*100+1,999999999) | X17: =IF(AND($B17=1,D17<>"",ISNUMBER(FIND("*",D17))),MOD((MOD('ตารางเวร'!$B$4,9973)*7919+$A17*40289)*(2*104729+7919),99991)*100+2,999999999) | Y17: =IF(AND($B17=1,E17<>"",ISNUMBER(FIND("*",E17))),MOD((MOD('ตารางเวร'!$B$4,9973)*7919+$A17*40289)*(3*104729+7919),99991)*100+3,999999999) | Z17: =IF(AND($B17=1,F17<>"",ISNUMBER(FIND("*",F17))),MOD((MOD('ตารางเวร'!$B$4,9973)*7919+$A17*40289)*(4*104729+7919),99991)*100+4,999999999) | AA17: =IF(AND($B17=1,G17<>"",ISNUMBER(FIND("*",G17))),MOD((MOD('ตารางเวร'!$B$4,9973)*7919+$A17*40289)*(5*104729+7919),99991)*100+5,999999999) | AB17: =IF(AND($B17=1,H17<>"",ISNUMBER(FIND("*",H17))),MOD((MOD('ตารางเวร'!$B$4,9973)*7919+$A17*40289)*(6*104729+7919),99991)*100+6,999999999) | AC17: =IF(AND($B17=1,I17<>"",ISNUMBER(FIND("*",I17))),MOD((MOD('ตารางเวร'!$B$4,9973)*7919+$A17*40289)*(7*104729+7919),99991)*100+7,999999999) | AD17: =IF(AND($B17=1,J17<>"",ISNUMBER(FIND("*",J17))),MOD((MOD('ตารางเวร'!$B$4,9973)*7919+$A17*40289)*(8*104729+7919),99991)*100+8,999999999) | AE17: =IF(AND($B17=1,K17<>"",ISNUMBER(FIND("*",K17))),MOD((MOD('ตารางเวร'!$B$4,9973)*7919+$A17*40289)*(9*104729+7919),99991)*100+9,999999999) | AF17: =IF(AND($B17=1,L17<>"",ISNUMBER(FIND("*",L17))),MOD((MOD('ตารางเวร'!$B$4,9973)*7919+$A17*40289)*(10*104729+7919),99991)*100+10,999999999) | AG17: =IF(AND($B17=1,M17<>"",ISNUMBER(FIND("*",M17))),MOD((MOD('ตารางเวร'!$B$4,9973)*7919+$A17*40289)*(11*104729+7919),99991)*100+11,999999999) | AH17: =IF(AND($B17=1,N17<>"",ISNUMBER(FIND("*",N17))),MOD((MOD('ตารางเวร'!$B$4,9973)*7919+$A17*40289)*(12*104729+7919),99991)*100+12,999999999) | AI17: =IF(AND($B17=1,O17<>"",ISNUMBER(FIND("*",O17))),MOD((MOD('ตารางเวร'!$B$4,9973)*7919+$A17*40289)*(13*104729+7919),99991)*100+13,999999999) | AJ17: =IF(AND($B17=1,P17<>"",ISNUMBER(FIND("*",P17))),MOD((MOD('ตารางเวร'!$B$4,9973)*7919+$A17*40289)*(14*104729+7919),99991)*100+14,999999999) | AK17: =IF(AND($B17=1,Q17<>"",ISNUMBER(FIND("*",Q17))),MOD((MOD('ตารางเวร'!$B$4,9973)*7919+$A17*40289)*(15*104729+7919),99991)*100+15,999999999) | AL17: =IF(AND($B17=1,R17<>"",ISNUMBER(FIND("*",R17))),MOD((MOD('ตารางเวร'!$B$4,9973)*7919+$A17*40289)*(16*104729+7919),99991)*100+16,999999999) | AM17: =IF(AND($B17=1,S17<>"",ISNUMBER(FIND("*",S17))),MOD((MOD('ตารางเวร'!$B$4,9973)*7919+$A17*40289)*(17*104729+7919),99991)*100+17,999999999) | AN17: =IF(AND($B17=1,T17<>"",ISNUMBER(FIND("*",T17))),MOD((MOD('ตารางเวร'!$B$4,9973)*7919+$A17*40289)*(18*104729+7919),99991)*100+18,999999999) | AO17: =IF(AND($B17=1,U17<>"",ISNUMBER(FIND("*",U17))),MOD((MOD('ตารางเวร'!$B$4,9973)*7919+$A17*40289)*(19*104729+7919),99991)*100+19,999999999) | AP17: =IF(AND($B17=1,V17<>"",ISNUMBER(FIND("*",V17))),MOD((MOD('ตารางเวร'!$B$4,9973)*7919+$A17*40289)*(20*104729+7919),99991)*100+20,999999999) | AQ17: =IF(TRIM('ตารางเวร'!$B$10)<>"",999999999,W17) | AR17: =IF(TRIM('ตารางเวร'!$B$11)<>"",999999999,X17) | AS17: =IF(TRIM('ตารางเวร'!$B$12)<>"",999999999,Y17) | AT17: =IF(TRIM('ตารางเวร'!$B$13)<>"",999999999,Z17) | AU17: =IF(TRIM('ตารางเวร'!$B$14)<>"",999999999,AA17) | AV17: =IF(TRIM('ตารางเวร'!$B$15)<>"",999999999,AB17) | AW17: =IF(TRIM('ตารางเวร'!$B$16)<>"",999999999,AC17) | AX17: =IF(TRIM('ตารางเวร'!$B$17)<>"",999999999,AD17) | AY17: =IF(TRIM('ตารางเวร'!$B$18)<>"",999999999,AE17) | AZ17: =IF(TRIM('ตารางเวร'!$B$19)<>"",999999999,AF17) | BA17: =IF(TRIM('ตารางเวร'!$B$20)<>"",999999999,AG17) | BB17: =IF(TRIM('ตารางเวร'!$B$21)<>"",999999999,AH17) | BC17: =IF(TRIM('ตารางเวร'!$B$22)<>"",999999999,AI17) | BD17: =IF(TRIM('ตารางเวร'!$B$23)<>"",999999999,AJ17) | BE17: =IF(TRIM('ตารางเวร'!$B$24)<>"",999999999,AK17) | BF17: =IF(TRIM('ตารางเวร'!$B$25)<>"",999999999,AL17) | BG17: =IF(TRIM('ตารางเวร'!$B$26)<>"",999999999,AM17) | BH17: =IF(TRIM('ตารางเวร'!$B$27)<>"",999999999,AN17) | BI17: =IF(TRIM('ตารางเวร'!$B$28)<>"",999999999,AO17) | BJ17: =IF(TRIM('ตารางเวร'!$B$29)<>"",999999999,AP17) | BK17: =IF(AND($B17=1,C17<>"",NOT(ISNUMBER(FIND("*",C17)))),1,999999) | BL17: =IF(AND($B17=1,D17<>"",NOT(ISNUMBER(FIND("*",D17)))),2,999999) | BM17: =IF(AND($B17=1,E17<>"",NOT(ISNUMBER(FIND("*",E17)))),3,999999) | BN17: =IF(AND($B17=1,F17<>"",NOT(ISNUMBER(FIND("*",F17)))),4,999999) | BO17: =IF(AND($B17=1,G17<>"",NOT(ISNUMBER(FIND("*",G17)))),5,999999) | BP17: =IF(AND($B17=1,H17<>"",NOT(ISNUMBER(FIND("*",H17)))),6,999999) | BQ17: =IF(AND($B17=1,I17<>"",NOT(ISNUMBER(FIND("*",I17)))),7,999999) | BR17: =IF(AND($B17=1,J17<>"",NOT(ISNUMBER(FIND("*",J17)))),8,999999) | BS17: =IF(AND($B17=1,K17<>"",NOT(ISNUMBER(FIND("*",K17)))),9,999999) | BT17: =IF(AND($B17=1,L17<>"",NOT(ISNUMBER(FIND("*",L17)))),10,999999) | BU17: =IF(AND($B17=1,M17<>"",NOT(ISNUMBER(FIND("*",M17)))),11,999999) | BV17: =IF(AND($B17=1,N17<>"",NOT(ISNUMBER(FIND("*",N17)))),12,999999) | BW17: =IF(AND($B17=1,O17<>"",NOT(ISNUMBER(FIND("*",O17)))),13,999999) | BX17: =IF(AND($B17=1,P17<>"",NOT(ISNUMBER(FIND("*",P17)))),14,999999) | BY17: =IF(AND($B17=1,Q17<>"",NOT(ISNUMBER(FIND("*",Q17)))),15,999999) | BZ17: =IF(AND($B17=1,R17<>"",NOT(ISNUMBER(FIND("*",R17)))),16,999999) | CA17: =IF(AND($B17=1,S17<>"",NOT(ISNUMBER(FIND("*",S17)))),17,999999) | CB17: =IF(AND($B17=1,T17<>"",NOT(ISNUMBER(FIND("*",T17)))),18,999999) | CC17: =IF(AND($B17=1,U17<>"",NOT(ISNUMBER(FIND("*",U17)))),19,999999) | CD17: =IF(AND($B17=1,V17<>"",NOT(ISNUMBER(FIND("*",V17)))),20,999999) | CE17: =IF(MIN(AQ17:BJ17)>=999999999,0,MATCH(MIN(AQ17:BJ17),AQ17:BJ17,0)) | CF17: =IF($CE17=1,999999999,W17) | CG17: =IF($CE17=2,999999999,X17) | CH17: =IF($CE17=3,999999999,Y17) | CI17: =IF($CE17=4,999999999,Z17) | CJ17: =IF($CE17=5,999999999,AA17) | CK17: =IF($CE17=6,999999999,AB17) | CL17: =IF($CE17=7,999999999,AC17) | CM17: =IF($CE17=8,999999999,AD17) | CN17: =IF($CE17=9,999999999,AE17) | CO17: =IF($CE17=10,999999999,AF17) | CP17: =IF($CE17=11,999999999,AG17) | CQ17: =IF($CE17=12,999999999,AH17) | CR17: =IF($CE17=13,999999999,AI17) | CS17: =IF($CE17=14,999999999,AJ17) | CT17: =IF($CE17=15,999999999,AK17) | CU17: =IF($CE17=16,999999999,AL17) | CV17: =IF($CE17=17,999999999,AM17) | CW17: =IF($CE17=18,999999999,AN17) | CX17: =IF($CE17=19,999999999,AO17) | CY17: =IF($CE17=20,999999999,AP17) | CZ17: =COUNTIF(W17:AP17,"<999999999") | DA17: =COUNTIF(BK17:CD17,"<999999") | DB17: =$CZ17-IF($CE17>0,1,0) | DC17: =IF(OR($B17=0,C17=""),0,DC16+1) | DD17: =IF(OR($B17=0,D17=""),0,DD16+1) | DE17: =IF(OR($B17=0,E17=""),0,DE16+1) | DF17: =IF(OR($B17=0,F17=""),0,DF16+1) | DG17: =IF(OR($B17=0,G17=""),0,DG16+1) | DH17: =IF(OR($B17=0,H17=""),0,DH16+1) | DI17: =IF(OR($B17=0,I17=""),0,DI16+1) | DJ17: =IF(OR($B17=0,J17=""),0,DJ16+1) | ... DV17: =IF(OR($B17=0,V17=""),0,DV16+1) | DW17: ='ตารางเวร'!Q$7 | DX17: =IF($B17=0,0,IF(WEEKDAY('ตารางเวร'!Q$6,2)=IFERROR(MATCH('ตารางเวร'!$AM$11,'ตารางเวร'!$AO$10:$AO$17,0),0),1,0))
A18: 16 | B18: =IF(16>DAY(EOMONTH(DATE('ตารางเวร'!$B$3-543,'ตารางเวร'!$B$2,1),0)),0,1) | C18: =IF($B18=0,"",IFERROR(TRIM(INDEX('ตารางเวร'!$C$10:$AG$29,1,$A18)),"")) | D18: =IF($B18=0,"",IFERROR(TRIM(INDEX('ตารางเวร'!$C$10:$AG$29,2,$A18)),"")) | E18: =IF($B18=0,"",IFERROR(TRIM(INDEX('ตารางเวร'!$C$10:$AG$29,3,$A18)),"")) | F18: =IF($B18=0,"",IFERROR(TRIM(INDEX('ตารางเวร'!$C$10:$AG$29,4,$A18)),"")) | G18: =IF($B18=0,"",IFERROR(TRIM(INDEX('ตารางเวร'!$C$10:$AG$29,5,$A18)),"")) | H18: =IF($B18=0,"",IFERROR(TRIM(INDEX('ตารางเวร'!$C$10:$AG$29,6,$A18)),"")) | I18: =IF($B18=0,"",IFERROR(TRIM(INDEX('ตารางเวร'!$C$10:$AG$29,7,$A18)),"")) | J18: =IF($B18=0,"",IFERROR(TRIM(INDEX('ตารางเวร'!$C$10:$AG$29,8,$A18)),"")) | K18: =IF($B18=0,"",IFERROR(TRIM(INDEX('ตารางเวร'!$C$10:$AG$29,9,$A18)),"")) | L18: =IF($B18=0,"",IFERROR(TRIM(INDEX('ตารางเวร'!$C$10:$AG$29,10,$A18)),"")) | M18: =IF($B18=0,"",IFERROR(TRIM(INDEX('ตารางเวร'!$C$10:$AG$29,11,$A18)),"")) | N18: =IF($B18=0,"",IFERROR(TRIM(INDEX('ตารางเวร'!$C$10:$AG$29,12,$A18)),"")) | O18: =IF($B18=0,"",IFERROR(TRIM(INDEX('ตารางเวร'!$C$10:$AG$29,13,$A18)),"")) | P18: =IF($B18=0,"",IFERROR(TRIM(INDEX('ตารางเวร'!$C$10:$AG$29,14,$A18)),"")) | Q18: =IF($B18=0,"",IFERROR(TRIM(INDEX('ตารางเวร'!$C$10:$AG$29,15,$A18)),"")) | R18: =IF($B18=0,"",IFERROR(TRIM(INDEX('ตารางเวร'!$C$10:$AG$29,16,$A18)),"")) | S18: =IF($B18=0,"",IFERROR(TRIM(INDEX('ตารางเวร'!$C$10:$AG$29,17,$A18)),"")) | T18: =IF($B18=0,"",IFERROR(TRIM(INDEX('ตารางเวร'!$C$10:$AG$29,18,$A18)),"")) | U18: =IF($B18=0,"",IFERROR(TRIM(INDEX('ตารางเวร'!$C$10:$AG$29,19,$A18)),"")) | V18: =IF($B18=0,"",IFERROR(TRIM(INDEX('ตารางเวร'!$C$10:$AG$29,20,$A18)),"")) | W18: =IF(AND($B18=1,C18<>"",ISNUMBER(FIND("*",C18))),MOD((MOD('ตารางเวร'!$B$4,9973)*7919+$A18*40289)*(1*104729+7919),99991)*100+1,999999999) | X18: =IF(AND($B18=1,D18<>"",ISNUMBER(FIND("*",D18))),MOD((MOD('ตารางเวร'!$B$4,9973)*7919+$A18*40289)*(2*104729+7919),99991)*100+2,999999999) | Y18: =IF(AND($B18=1,E18<>"",ISNUMBER(FIND("*",E18))),MOD((MOD('ตารางเวร'!$B$4,9973)*7919+$A18*40289)*(3*104729+7919),99991)*100+3,999999999) | Z18: =IF(AND($B18=1,F18<>"",ISNUMBER(FIND("*",F18))),MOD((MOD('ตารางเวร'!$B$4,9973)*7919+$A18*40289)*(4*104729+7919),99991)*100+4,999999999) | AA18: =IF(AND($B18=1,G18<>"",ISNUMBER(FIND("*",G18))),MOD((MOD('ตารางเวร'!$B$4,9973)*7919+$A18*40289)*(5*104729+7919),99991)*100+5,999999999) | AB18: =IF(AND($B18=1,H18<>"",ISNUMBER(FIND("*",H18))),MOD((MOD('ตารางเวร'!$B$4,9973)*7919+$A18*40289)*(6*104729+7919),99991)*100+6,999999999) | AC18: =IF(AND($B18=1,I18<>"",ISNUMBER(FIND("*",I18))),MOD((MOD('ตารางเวร'!$B$4,9973)*7919+$A18*40289)*(7*104729+7919),99991)*100+7,999999999) | AD18: =IF(AND($B18=1,J18<>"",ISNUMBER(FIND("*",J18))),MOD((MOD('ตารางเวร'!$B$4,9973)*7919+$A18*40289)*(8*104729+7919),99991)*100+8,999999999) | AE18: =IF(AND($B18=1,K18<>"",ISNUMBER(FIND("*",K18))),MOD((MOD('ตารางเวร'!$B$4,9973)*7919+$A18*40289)*(9*104729+7919),99991)*100+9,999999999) | AF18: =IF(AND($B18=1,L18<>"",ISNUMBER(FIND("*",L18))),MOD((MOD('ตารางเวร'!$B$4,9973)*7919+$A18*40289)*(10*104729+7919),99991)*100+10,999999999) | AG18: =IF(AND($B18=1,M18<>"",ISNUMBER(FIND("*",M18))),MOD((MOD('ตารางเวร'!$B$4,9973)*7919+$A18*40289)*(11*104729+7919),99991)*100+11,999999999) | AH18: =IF(AND($B18=1,N18<>"",ISNUMBER(FIND("*",N18))),MOD((MOD('ตารางเวร'!$B$4,9973)*7919+$A18*40289)*(12*104729+7919),99991)*100+12,999999999) | AI18: =IF(AND($B18=1,O18<>"",ISNUMBER(FIND("*",O18))),MOD((MOD('ตารางเวร'!$B$4,9973)*7919+$A18*40289)*(13*104729+7919),99991)*100+13,999999999) | AJ18: =IF(AND($B18=1,P18<>"",ISNUMBER(FIND("*",P18))),MOD((MOD('ตารางเวร'!$B$4,9973)*7919+$A18*40289)*(14*104729+7919),99991)*100+14,999999999) | AK18: =IF(AND($B18=1,Q18<>"",ISNUMBER(FIND("*",Q18))),MOD((MOD('ตารางเวร'!$B$4,9973)*7919+$A18*40289)*(15*104729+7919),99991)*100+15,999999999) | AL18: =IF(AND($B18=1,R18<>"",ISNUMBER(FIND("*",R18))),MOD((MOD('ตารางเวร'!$B$4,9973)*7919+$A18*40289)*(16*104729+7919),99991)*100+16,999999999) | AM18: =IF(AND($B18=1,S18<>"",ISNUMBER(FIND("*",S18))),MOD((MOD('ตารางเวร'!$B$4,9973)*7919+$A18*40289)*(17*104729+7919),99991)*100+17,999999999) | AN18: =IF(AND($B18=1,T18<>"",ISNUMBER(FIND("*",T18))),MOD((MOD('ตารางเวร'!$B$4,9973)*7919+$A18*40289)*(18*104729+7919),99991)*100+18,999999999) | AO18: =IF(AND($B18=1,U18<>"",ISNUMBER(FIND("*",U18))),MOD((MOD('ตารางเวร'!$B$4,9973)*7919+$A18*40289)*(19*104729+7919),99991)*100+19,999999999) | AP18: =IF(AND($B18=1,V18<>"",ISNUMBER(FIND("*",V18))),MOD((MOD('ตารางเวร'!$B$4,9973)*7919+$A18*40289)*(20*104729+7919),99991)*100+20,999999999) | AQ18: =IF(TRIM('ตารางเวร'!$B$10)<>"",999999999,W18) | AR18: =IF(TRIM('ตารางเวร'!$B$11)<>"",999999999,X18) | AS18: =IF(TRIM('ตารางเวร'!$B$12)<>"",999999999,Y18) | AT18: =IF(TRIM('ตารางเวร'!$B$13)<>"",999999999,Z18) | AU18: =IF(TRIM('ตารางเวร'!$B$14)<>"",999999999,AA18) | AV18: =IF(TRIM('ตารางเวร'!$B$15)<>"",999999999,AB18) | AW18: =IF(TRIM('ตารางเวร'!$B$16)<>"",999999999,AC18) | AX18: =IF(TRIM('ตารางเวร'!$B$17)<>"",999999999,AD18) | AY18: =IF(TRIM('ตารางเวร'!$B$18)<>"",999999999,AE18) | AZ18: =IF(TRIM('ตารางเวร'!$B$19)<>"",999999999,AF18) | BA18: =IF(TRIM('ตารางเวร'!$B$20)<>"",999999999,AG18) | BB18: =IF(TRIM('ตารางเวร'!$B$21)<>"",999999999,AH18) | BC18: =IF(TRIM('ตารางเวร'!$B$22)<>"",999999999,AI18) | BD18: =IF(TRIM('ตารางเวร'!$B$23)<>"",999999999,AJ18) | BE18: =IF(TRIM('ตารางเวร'!$B$24)<>"",999999999,AK18) | BF18: =IF(TRIM('ตารางเวร'!$B$25)<>"",999999999,AL18) | BG18: =IF(TRIM('ตารางเวร'!$B$26)<>"",999999999,AM18) | BH18: =IF(TRIM('ตารางเวร'!$B$27)<>"",999999999,AN18) | BI18: =IF(TRIM('ตารางเวร'!$B$28)<>"",999999999,AO18) | BJ18: =IF(TRIM('ตารางเวร'!$B$29)<>"",999999999,AP18) | BK18: =IF(AND($B18=1,C18<>"",NOT(ISNUMBER(FIND("*",C18)))),1,999999) | BL18: =IF(AND($B18=1,D18<>"",NOT(ISNUMBER(FIND("*",D18)))),2,999999) | BM18: =IF(AND($B18=1,E18<>"",NOT(ISNUMBER(FIND("*",E18)))),3,999999) | BN18: =IF(AND($B18=1,F18<>"",NOT(ISNUMBER(FIND("*",F18)))),4,999999) | BO18: =IF(AND($B18=1,G18<>"",NOT(ISNUMBER(FIND("*",G18)))),5,999999) | BP18: =IF(AND($B18=1,H18<>"",NOT(ISNUMBER(FIND("*",H18)))),6,999999) | BQ18: =IF(AND($B18=1,I18<>"",NOT(ISNUMBER(FIND("*",I18)))),7,999999) | BR18: =IF(AND($B18=1,J18<>"",NOT(ISNUMBER(FIND("*",J18)))),8,999999) | BS18: =IF(AND($B18=1,K18<>"",NOT(ISNUMBER(FIND("*",K18)))),9,999999) | BT18: =IF(AND($B18=1,L18<>"",NOT(ISNUMBER(FIND("*",L18)))),10,999999) | BU18: =IF(AND($B18=1,M18<>"",NOT(ISNUMBER(FIND("*",M18)))),11,999999) | BV18: =IF(AND($B18=1,N18<>"",NOT(ISNUMBER(FIND("*",N18)))),12,999999) | BW18: =IF(AND($B18=1,O18<>"",NOT(ISNUMBER(FIND("*",O18)))),13,999999) | BX18: =IF(AND($B18=1,P18<>"",NOT(ISNUMBER(FIND("*",P18)))),14,999999) | BY18: =IF(AND($B18=1,Q18<>"",NOT(ISNUMBER(FIND("*",Q18)))),15,999999) | BZ18: =IF(AND($B18=1,R18<>"",NOT(ISNUMBER(FIND("*",R18)))),16,999999) | CA18: =IF(AND($B18=1,S18<>"",NOT(ISNUMBER(FIND("*",S18)))),17,999999) | CB18: =IF(AND($B18=1,T18<>"",NOT(ISNUMBER(FIND("*",T18)))),18,999999) | CC18: =IF(AND($B18=1,U18<>"",NOT(ISNUMBER(FIND("*",U18)))),19,999999) | CD18: =IF(AND($B18=1,V18<>"",NOT(ISNUMBER(FIND("*",V18)))),20,999999) | CE18: =IF(MIN(AQ18:BJ18)>=999999999,0,MATCH(MIN(AQ18:BJ18),AQ18:BJ18,0)) | CF18: =IF($CE18=1,999999999,W18) | CG18: =IF($CE18=2,999999999,X18) | CH18: =IF($CE18=3,999999999,Y18) | CI18: =IF($CE18=4,999999999,Z18) | CJ18: =IF($CE18=5,999999999,AA18) | CK18: =IF($CE18=6,999999999,AB18) | CL18: =IF($CE18=7,999999999,AC18) | CM18: =IF($CE18=8,999999999,AD18) | CN18: =IF($CE18=9,999999999,AE18) | CO18: =IF($CE18=10,999999999,AF18) | CP18: =IF($CE18=11,999999999,AG18) | CQ18: =IF($CE18=12,999999999,AH18) | CR18: =IF($CE18=13,999999999,AI18) | CS18: =IF($CE18=14,999999999,AJ18) | CT18: =IF($CE18=15,999999999,AK18) | CU18: =IF($CE18=16,999999999,AL18) | CV18: =IF($CE18=17,999999999,AM18) | CW18: =IF($CE18=18,999999999,AN18) | CX18: =IF($CE18=19,999999999,AO18) | CY18: =IF($CE18=20,999999999,AP18) | CZ18: =COUNTIF(W18:AP18,"<999999999") | DA18: =COUNTIF(BK18:CD18,"<999999") | DB18: =$CZ18-IF($CE18>0,1,0) | DC18: =IF(OR($B18=0,C18=""),0,DC17+1) | DD18: =IF(OR($B18=0,D18=""),0,DD17+1) | DE18: =IF(OR($B18=0,E18=""),0,DE17+1) | DF18: =IF(OR($B18=0,F18=""),0,DF17+1) | DG18: =IF(OR($B18=0,G18=""),0,DG17+1) | DH18: =IF(OR($B18=0,H18=""),0,DH17+1) | DI18: =IF(OR($B18=0,I18=""),0,DI17+1) | DJ18: =IF(OR($B18=0,J18=""),0,DJ17+1) | ... DV18: =IF(OR($B18=0,V18=""),0,DV17+1) | DW18: ='ตารางเวร'!R$7 | DX18: =IF($B18=0,0,IF(WEEKDAY('ตารางเวร'!R$6,2)=IFERROR(MATCH('ตารางเวร'!$AM$11,'ตารางเวร'!$AO$10:$AO$17,0),0),1,0))
A19: 17 | B19: =IF(17>DAY(EOMONTH(DATE('ตารางเวร'!$B$3-543,'ตารางเวร'!$B$2,1),0)),0,1) | C19: =IF($B19=0,"",IFERROR(TRIM(INDEX('ตารางเวร'!$C$10:$AG$29,1,$A19)),"")) | D19: =IF($B19=0,"",IFERROR(TRIM(INDEX('ตารางเวร'!$C$10:$AG$29,2,$A19)),"")) | E19: =IF($B19=0,"",IFERROR(TRIM(INDEX('ตารางเวร'!$C$10:$AG$29,3,$A19)),"")) | F19: =IF($B19=0,"",IFERROR(TRIM(INDEX('ตารางเวร'!$C$10:$AG$29,4,$A19)),"")) | G19: =IF($B19=0,"",IFERROR(TRIM(INDEX('ตารางเวร'!$C$10:$AG$29,5,$A19)),"")) | H19: =IF($B19=0,"",IFERROR(TRIM(INDEX('ตารางเวร'!$C$10:$AG$29,6,$A19)),"")) | I19: =IF($B19=0,"",IFERROR(TRIM(INDEX('ตารางเวร'!$C$10:$AG$29,7,$A19)),"")) | J19: =IF($B19=0,"",IFERROR(TRIM(INDEX('ตารางเวร'!$C$10:$AG$29,8,$A19)),"")) | K19: =IF($B19=0,"",IFERROR(TRIM(INDEX('ตารางเวร'!$C$10:$AG$29,9,$A19)),"")) | L19: =IF($B19=0,"",IFERROR(TRIM(INDEX('ตารางเวร'!$C$10:$AG$29,10,$A19)),"")) | M19: =IF($B19=0,"",IFERROR(TRIM(INDEX('ตารางเวร'!$C$10:$AG$29,11,$A19)),"")) | N19: =IF($B19=0,"",IFERROR(TRIM(INDEX('ตารางเวร'!$C$10:$AG$29,12,$A19)),"")) | O19: =IF($B19=0,"",IFERROR(TRIM(INDEX('ตารางเวร'!$C$10:$AG$29,13,$A19)),"")) | P19: =IF($B19=0,"",IFERROR(TRIM(INDEX('ตารางเวร'!$C$10:$AG$29,14,$A19)),"")) | Q19: =IF($B19=0,"",IFERROR(TRIM(INDEX('ตารางเวร'!$C$10:$AG$29,15,$A19)),"")) | R19: =IF($B19=0,"",IFERROR(TRIM(INDEX('ตารางเวร'!$C$10:$AG$29,16,$A19)),"")) | S19: =IF($B19=0,"",IFERROR(TRIM(INDEX('ตารางเวร'!$C$10:$AG$29,17,$A19)),"")) | T19: =IF($B19=0,"",IFERROR(TRIM(INDEX('ตารางเวร'!$C$10:$AG$29,18,$A19)),"")) | U19: =IF($B19=0,"",IFERROR(TRIM(INDEX('ตารางเวร'!$C$10:$AG$29,19,$A19)),"")) | V19: =IF($B19=0,"",IFERROR(TRIM(INDEX('ตารางเวร'!$C$10:$AG$29,20,$A19)),"")) | W19: =IF(AND($B19=1,C19<>"",ISNUMBER(FIND("*",C19))),MOD((MOD('ตารางเวร'!$B$4,9973)*7919+$A19*40289)*(1*104729+7919),99991)*100+1,999999999) | X19: =IF(AND($B19=1,D19<>"",ISNUMBER(FIND("*",D19))),MOD((MOD('ตารางเวร'!$B$4,9973)*7919+$A19*40289)*(2*104729+7919),99991)*100+2,999999999) | Y19: =IF(AND($B19=1,E19<>"",ISNUMBER(FIND("*",E19))),MOD((MOD('ตารางเวร'!$B$4,9973)*7919+$A19*40289)*(3*104729+7919),99991)*100+3,999999999) | Z19: =IF(AND($B19=1,F19<>"",ISNUMBER(FIND("*",F19))),MOD((MOD('ตารางเวร'!$B$4,9973)*7919+$A19*40289)*(4*104729+7919),99991)*100+4,999999999) | AA19: =IF(AND($B19=1,G19<>"",ISNUMBER(FIND("*",G19))),MOD((MOD('ตารางเวร'!$B$4,9973)*7919+$A19*40289)*(5*104729+7919),99991)*100+5,999999999) | AB19: =IF(AND($B19=1,H19<>"",ISNUMBER(FIND("*",H19))),MOD((MOD('ตารางเวร'!$B$4,9973)*7919+$A19*40289)*(6*104729+7919),99991)*100+6,999999999) | AC19: =IF(AND($B19=1,I19<>"",ISNUMBER(FIND("*",I19))),MOD((MOD('ตารางเวร'!$B$4,9973)*7919+$A19*40289)*(7*104729+7919),99991)*100+7,999999999) | AD19: =IF(AND($B19=1,J19<>"",ISNUMBER(FIND("*",J19))),MOD((MOD('ตารางเวร'!$B$4,9973)*7919+$A19*40289)*(8*104729+7919),99991)*100+8,999999999) | AE19: =IF(AND($B19=1,K19<>"",ISNUMBER(FIND("*",K19))),MOD((MOD('ตารางเวร'!$B$4,9973)*7919+$A19*40289)*(9*104729+7919),99991)*100+9,999999999) | AF19: =IF(AND($B19=1,L19<>"",ISNUMBER(FIND("*",L19))),MOD((MOD('ตารางเวร'!$B$4,9973)*7919+$A19*40289)*(10*104729+7919),99991)*100+10,999999999) | AG19: =IF(AND($B19=1,M19<>"",ISNUMBER(FIND("*",M19))),MOD((MOD('ตารางเวร'!$B$4,9973)*7919+$A19*40289)*(11*104729+7919),99991)*100+11,999999999) | AH19: =IF(AND($B19=1,N19<>"",ISNUMBER(FIND("*",N19))),MOD((MOD('ตารางเวร'!$B$4,9973)*7919+$A19*40289)*(12*104729+7919),99991)*100+12,999999999) | AI19: =IF(AND($B19=1,O19<>"",ISNUMBER(FIND("*",O19))),MOD((MOD('ตารางเวร'!$B$4,9973)*7919+$A19*40289)*(13*104729+7919),99991)*100+13,999999999) | AJ19: =IF(AND($B19=1,P19<>"",ISNUMBER(FIND("*",P19))),MOD((MOD('ตารางเวร'!$B$4,9973)*7919+$A19*40289)*(14*104729+7919),99991)*100+14,999999999) | AK19: =IF(AND($B19=1,Q19<>"",ISNUMBER(FIND("*",Q19))),MOD((MOD('ตารางเวร'!$B$4,9973)*7919+$A19*40289)*(15*104729+7919),99991)*100+15,999999999) | AL19: =IF(AND($B19=1,R19<>"",ISNUMBER(FIND("*",R19))),MOD((MOD('ตารางเวร'!$B$4,9973)*7919+$A19*40289)*(16*104729+7919),99991)*100+16,999999999) | AM19: =IF(AND($B19=1,S19<>"",ISNUMBER(FIND("*",S19))),MOD((MOD('ตารางเวร'!$B$4,9973)*7919+$A19*40289)*(17*104729+7919),99991)*100+17,999999999) | AN19: =IF(AND($B19=1,T19<>"",ISNUMBER(FIND("*",T19))),MOD((MOD('ตารางเวร'!$B$4,9973)*7919+$A19*40289)*(18*104729+7919),99991)*100+18,999999999) | AO19: =IF(AND($B19=1,U19<>"",ISNUMBER(FIND("*",U19))),MOD((MOD('ตารางเวร'!$B$4,9973)*7919+$A19*40289)*(19*104729+7919),99991)*100+19,999999999) | AP19: =IF(AND($B19=1,V19<>"",ISNUMBER(FIND("*",V19))),MOD((MOD('ตารางเวร'!$B$4,9973)*7919+$A19*40289)*(20*104729+7919),99991)*100+20,999999999) | AQ19: =IF(TRIM('ตารางเวร'!$B$10)<>"",999999999,W19) | AR19: =IF(TRIM('ตารางเวร'!$B$11)<>"",999999999,X19) | AS19: =IF(TRIM('ตารางเวร'!$B$12)<>"",999999999,Y19) | AT19: =IF(TRIM('ตารางเวร'!$B$13)<>"",999999999,Z19) | AU19: =IF(TRIM('ตารางเวร'!$B$14)<>"",999999999,AA19) | AV19: =IF(TRIM('ตารางเวร'!$B$15)<>"",999999999,AB19) | AW19: =IF(TRIM('ตารางเวร'!$B$16)<>"",999999999,AC19) | AX19: =IF(TRIM('ตารางเวร'!$B$17)<>"",999999999,AD19) | AY19: =IF(TRIM('ตารางเวร'!$B$18)<>"",999999999,AE19) | AZ19: =IF(TRIM('ตารางเวร'!$B$19)<>"",999999999,AF19) | BA19: =IF(TRIM('ตารางเวร'!$B$20)<>"",999999999,AG19) | BB19: =IF(TRIM('ตารางเวร'!$B$21)<>"",999999999,AH19) | BC19: =IF(TRIM('ตารางเวร'!$B$22)<>"",999999999,AI19) | BD19: =IF(TRIM('ตารางเวร'!$B$23)<>"",999999999,AJ19) | BE19: =IF(TRIM('ตารางเวร'!$B$24)<>"",999999999,AK19) | BF19: =IF(TRIM('ตารางเวร'!$B$25)<>"",999999999,AL19) | BG19: =IF(TRIM('ตารางเวร'!$B$26)<>"",999999999,AM19) | BH19: =IF(TRIM('ตารางเวร'!$B$27)<>"",999999999,AN19) | BI19: =IF(TRIM('ตารางเวร'!$B$28)<>"",999999999,AO19) | BJ19: =IF(TRIM('ตารางเวร'!$B$29)<>"",999999999,AP19) | BK19: =IF(AND($B19=1,C19<>"",NOT(ISNUMBER(FIND("*",C19)))),1,999999) | BL19: =IF(AND($B19=1,D19<>"",NOT(ISNUMBER(FIND("*",D19)))),2,999999) | BM19: =IF(AND($B19=1,E19<>"",NOT(ISNUMBER(FIND("*",E19)))),3,999999) | BN19: =IF(AND($B19=1,F19<>"",NOT(ISNUMBER(FIND("*",F19)))),4,999999) | BO19: =IF(AND($B19=1,G19<>"",NOT(ISNUMBER(FIND("*",G19)))),5,999999) | BP19: =IF(AND($B19=1,H19<>"",NOT(ISNUMBER(FIND("*",H19)))),6,999999) | BQ19: =IF(AND($B19=1,I19<>"",NOT(ISNUMBER(FIND("*",I19)))),7,999999) | BR19: =IF(AND($B19=1,J19<>"",NOT(ISNUMBER(FIND("*",J19)))),8,999999) | BS19: =IF(AND($B19=1,K19<>"",NOT(ISNUMBER(FIND("*",K19)))),9,999999) | BT19: =IF(AND($B19=1,L19<>"",NOT(ISNUMBER(FIND("*",L19)))),10,999999) | BU19: =IF(AND($B19=1,M19<>"",NOT(ISNUMBER(FIND("*",M19)))),11,999999) | BV19: =IF(AND($B19=1,N19<>"",NOT(ISNUMBER(FIND("*",N19)))),12,999999) | BW19: =IF(AND($B19=1,O19<>"",NOT(ISNUMBER(FIND("*",O19)))),13,999999) | BX19: =IF(AND($B19=1,P19<>"",NOT(ISNUMBER(FIND("*",P19)))),14,999999) | BY19: =IF(AND($B19=1,Q19<>"",NOT(ISNUMBER(FIND("*",Q19)))),15,999999) | BZ19: =IF(AND($B19=1,R19<>"",NOT(ISNUMBER(FIND("*",R19)))),16,999999) | CA19: =IF(AND($B19=1,S19<>"",NOT(ISNUMBER(FIND("*",S19)))),17,999999) | CB19: =IF(AND($B19=1,T19<>"",NOT(ISNUMBER(FIND("*",T19)))),18,999999) | CC19: =IF(AND($B19=1,U19<>"",NOT(ISNUMBER(FIND("*",U19)))),19,999999) | CD19: =IF(AND($B19=1,V19<>"",NOT(ISNUMBER(FIND("*",V19)))),20,999999) | CE19: =IF(MIN(AQ19:BJ19)>=999999999,0,MATCH(MIN(AQ19:BJ19),AQ19:BJ19,0)) | CF19: =IF($CE19=1,999999999,W19) | CG19: =IF($CE19=2,999999999,X19) | CH19: =IF($CE19=3,999999999,Y19) | CI19: =IF($CE19=4,999999999,Z19) | CJ19: =IF($CE19=5,999999999,AA19) | CK19: =IF($CE19=6,999999999,AB19) | CL19: =IF($CE19=7,999999999,AC19) | CM19: =IF($CE19=8,999999999,AD19) | CN19: =IF($CE19=9,999999999,AE19) | CO19: =IF($CE19=10,999999999,AF19) | CP19: =IF($CE19=11,999999999,AG19) | CQ19: =IF($CE19=12,999999999,AH19) | CR19: =IF($CE19=13,999999999,AI19) | CS19: =IF($CE19=14,999999999,AJ19) | CT19: =IF($CE19=15,999999999,AK19) | CU19: =IF($CE19=16,999999999,AL19) | CV19: =IF($CE19=17,999999999,AM19) | CW19: =IF($CE19=18,999999999,AN19) | CX19: =IF($CE19=19,999999999,AO19) | CY19: =IF($CE19=20,999999999,AP19) | CZ19: =COUNTIF(W19:AP19,"<999999999") | DA19: =COUNTIF(BK19:CD19,"<999999") | DB19: =$CZ19-IF($CE19>0,1,0) | DC19: =IF(OR($B19=0,C19=""),0,DC18+1) | DD19: =IF(OR($B19=0,D19=""),0,DD18+1) | DE19: =IF(OR($B19=0,E19=""),0,DE18+1) | DF19: =IF(OR($B19=0,F19=""),0,DF18+1) | DG19: =IF(OR($B19=0,G19=""),0,DG18+1) | DH19: =IF(OR($B19=0,H19=""),0,DH18+1) | DI19: =IF(OR($B19=0,I19=""),0,DI18+1) | DJ19: =IF(OR($B19=0,J19=""),0,DJ18+1) | ... DV19: =IF(OR($B19=0,V19=""),0,DV18+1) | DW19: ='ตารางเวร'!S$7 | DX19: =IF($B19=0,0,IF(WEEKDAY('ตารางเวร'!S$6,2)=IFERROR(MATCH('ตารางเวร'!$AM$11,'ตารางเวร'!$AO$10:$AO$17,0),0),1,0))
A20: 18 | B20: =IF(18>DAY(EOMONTH(DATE('ตารางเวร'!$B$3-543,'ตารางเวร'!$B$2,1),0)),0,1) | C20: =IF($B20=0,"",IFERROR(TRIM(INDEX('ตารางเวร'!$C$10:$AG$29,1,$A20)),"")) | D20: =IF($B20=0,"",IFERROR(TRIM(INDEX('ตารางเวร'!$C$10:$AG$29,2,$A20)),"")) | E20: =IF($B20=0,"",IFERROR(TRIM(INDEX('ตารางเวร'!$C$10:$AG$29,3,$A20)),"")) | F20: =IF($B20=0,"",IFERROR(TRIM(INDEX('ตารางเวร'!$C$10:$AG$29,4,$A20)),"")) | G20: =IF($B20=0,"",IFERROR(TRIM(INDEX('ตารางเวร'!$C$10:$AG$29,5,$A20)),"")) | H20: =IF($B20=0,"",IFERROR(TRIM(INDEX('ตารางเวร'!$C$10:$AG$29,6,$A20)),"")) | I20: =IF($B20=0,"",IFERROR(TRIM(INDEX('ตารางเวร'!$C$10:$AG$29,7,$A20)),"")) | J20: =IF($B20=0,"",IFERROR(TRIM(INDEX('ตารางเวร'!$C$10:$AG$29,8,$A20)),"")) | K20: =IF($B20=0,"",IFERROR(TRIM(INDEX('ตารางเวร'!$C$10:$AG$29,9,$A20)),"")) | L20: =IF($B20=0,"",IFERROR(TRIM(INDEX('ตารางเวร'!$C$10:$AG$29,10,$A20)),"")) | M20: =IF($B20=0,"",IFERROR(TRIM(INDEX('ตารางเวร'!$C$10:$AG$29,11,$A20)),"")) | N20: =IF($B20=0,"",IFERROR(TRIM(INDEX('ตารางเวร'!$C$10:$AG$29,12,$A20)),"")) | O20: =IF($B20=0,"",IFERROR(TRIM(INDEX('ตารางเวร'!$C$10:$AG$29,13,$A20)),"")) | P20: =IF($B20=0,"",IFERROR(TRIM(INDEX('ตารางเวร'!$C$10:$AG$29,14,$A20)),"")) | Q20: =IF($B20=0,"",IFERROR(TRIM(INDEX('ตารางเวร'!$C$10:$AG$29,15,$A20)),"")) | R20: =IF($B20=0,"",IFERROR(TRIM(INDEX('ตารางเวร'!$C$10:$AG$29,16,$A20)),"")) | S20: =IF($B20=0,"",IFERROR(TRIM(INDEX('ตารางเวร'!$C$10:$AG$29,17,$A20)),"")) | T20: =IF($B20=0,"",IFERROR(TRIM(INDEX('ตารางเวร'!$C$10:$AG$29,18,$A20)),"")) | U20: =IF($B20=0,"",IFERROR(TRIM(INDEX('ตารางเวร'!$C$10:$AG$29,19,$A20)),"")) | V20: =IF($B20=0,"",IFERROR(TRIM(INDEX('ตารางเวร'!$C$10:$AG$29,20,$A20)),"")) | W20: =IF(AND($B20=1,C20<>"",ISNUMBER(FIND("*",C20))),MOD((MOD('ตารางเวร'!$B$4,9973)*7919+$A20*40289)*(1*104729+7919),99991)*100+1,999999999) | X20: =IF(AND($B20=1,D20<>"",ISNUMBER(FIND("*",D20))),MOD((MOD('ตารางเวร'!$B$4,9973)*7919+$A20*40289)*(2*104729+7919),99991)*100+2,999999999) | Y20: =IF(AND($B20=1,E20<>"",ISNUMBER(FIND("*",E20))),MOD((MOD('ตารางเวร'!$B$4,9973)*7919+$A20*40289)*(3*104729+7919),99991)*100+3,999999999) | Z20: =IF(AND($B20=1,F20<>"",ISNUMBER(FIND("*",F20))),MOD((MOD('ตารางเวร'!$B$4,9973)*7919+$A20*40289)*(4*104729+7919),99991)*100+4,999999999) | AA20: =IF(AND($B20=1,G20<>"",ISNUMBER(FIND("*",G20))),MOD((MOD('ตารางเวร'!$B$4,9973)*7919+$A20*40289)*(5*104729+7919),99991)*100+5,999999999) | AB20: =IF(AND($B20=1,H20<>"",ISNUMBER(FIND("*",H20))),MOD((MOD('ตารางเวร'!$B$4,9973)*7919+$A20*40289)*(6*104729+7919),99991)*100+6,999999999) | AC20: =IF(AND($B20=1,I20<>"",ISNUMBER(FIND("*",I20))),MOD((MOD('ตารางเวร'!$B$4,9973)*7919+$A20*40289)*(7*104729+7919),99991)*100+7,999999999) | AD20: =IF(AND($B20=1,J20<>"",ISNUMBER(FIND("*",J20))),MOD((MOD('ตารางเวร'!$B$4,9973)*7919+$A20*40289)*(8*104729+7919),99991)*100+8,999999999) | AE20: =IF(AND($B20=1,K20<>"",ISNUMBER(FIND("*",K20))),MOD((MOD('ตารางเวร'!$B$4,9973)*7919+$A20*40289)*(9*104729+7919),99991)*100+9,999999999) | AF20: =IF(AND($B20=1,L20<>"",ISNUMBER(FIND("*",L20))),MOD((MOD('ตารางเวร'!$B$4,9973)*7919+$A20*40289)*(10*104729+7919),99991)*100+10,999999999) | AG20: =IF(AND($B20=1,M20<>"",ISNUMBER(FIND("*",M20))),MOD((MOD('ตารางเวร'!$B$4,9973)*7919+$A20*40289)*(11*104729+7919),99991)*100+11,999999999) | AH20: =IF(AND($B20=1,N20<>"",ISNUMBER(FIND("*",N20))),MOD((MOD('ตารางเวร'!$B$4,9973)*7919+$A20*40289)*(12*104729+7919),99991)*100+12,999999999) | AI20: =IF(AND($B20=1,O20<>"",ISNUMBER(FIND("*",O20))),MOD((MOD('ตารางเวร'!$B$4,9973)*7919+$A20*40289)*(13*104729+7919),99991)*100+13,999999999) | AJ20: =IF(AND($B20=1,P20<>"",ISNUMBER(FIND("*",P20))),MOD((MOD('ตารางเวร'!$B$4,9973)*7919+$A20*40289)*(14*104729+7919),99991)*100+14,999999999) | AK20: =IF(AND($B20=1,Q20<>"",ISNUMBER(FIND("*",Q20))),MOD((MOD('ตารางเวร'!$B$4,9973)*7919+$A20*40289)*(15*104729+7919),99991)*100+15,999999999) | AL20: =IF(AND($B20=1,R20<>"",ISNUMBER(FIND("*",R20))),MOD((MOD('ตารางเวร'!$B$4,9973)*7919+$A20*40289)*(16*104729+7919),99991)*100+16,999999999) | AM20: =IF(AND($B20=1,S20<>"",ISNUMBER(FIND("*",S20))),MOD((MOD('ตารางเวร'!$B$4,9973)*7919+$A20*40289)*(17*104729+7919),99991)*100+17,999999999) | AN20: =IF(AND($B20=1,T20<>"",ISNUMBER(FIND("*",T20))),MOD((MOD('ตารางเวร'!$B$4,9973)*7919+$A20*40289)*(18*104729+7919),99991)*100+18,999999999) | AO20: =IF(AND($B20=1,U20<>"",ISNUMBER(FIND("*",U20))),MOD((MOD('ตารางเวร'!$B$4,9973)*7919+$A20*40289)*(19*104729+7919),99991)*100+19,999999999) | AP20: =IF(AND($B20=1,V20<>"",ISNUMBER(FIND("*",V20))),MOD((MOD('ตารางเวร'!$B$4,9973)*7919+$A20*40289)*(20*104729+7919),99991)*100+20,999999999) | AQ20: =IF(TRIM('ตารางเวร'!$B$10)<>"",999999999,W20) | AR20: =IF(TRIM('ตารางเวร'!$B$11)<>"",999999999,X20) | AS20: =IF(TRIM('ตารางเวร'!$B$12)<>"",999999999,Y20) | AT20: =IF(TRIM('ตารางเวร'!$B$13)<>"",999999999,Z20) | AU20: =IF(TRIM('ตารางเวร'!$B$14)<>"",999999999,AA20) | AV20: =IF(TRIM('ตารางเวร'!$B$15)<>"",999999999,AB20) | AW20: =IF(TRIM('ตารางเวร'!$B$16)<>"",999999999,AC20) | AX20: =IF(TRIM('ตารางเวร'!$B$17)<>"",999999999,AD20) | AY20: =IF(TRIM('ตารางเวร'!$B$18)<>"",999999999,AE20) | AZ20: =IF(TRIM('ตารางเวร'!$B$19)<>"",999999999,AF20) | BA20: =IF(TRIM('ตารางเวร'!$B$20)<>"",999999999,AG20) | BB20: =IF(TRIM('ตารางเวร'!$B$21)<>"",999999999,AH20) | BC20: =IF(TRIM('ตารางเวร'!$B$22)<>"",999999999,AI20) | BD20: =IF(TRIM('ตารางเวร'!$B$23)<>"",999999999,AJ20) | BE20: =IF(TRIM('ตารางเวร'!$B$24)<>"",999999999,AK20) | BF20: =IF(TRIM('ตารางเวร'!$B$25)<>"",999999999,AL20) | BG20: =IF(TRIM('ตารางเวร'!$B$26)<>"",999999999,AM20) | BH20: =IF(TRIM('ตารางเวร'!$B$27)<>"",999999999,AN20) | BI20: =IF(TRIM('ตารางเวร'!$B$28)<>"",999999999,AO20) | BJ20: =IF(TRIM('ตารางเวร'!$B$29)<>"",999999999,AP20) | BK20: =IF(AND($B20=1,C20<>"",NOT(ISNUMBER(FIND("*",C20)))),1,999999) | BL20: =IF(AND($B20=1,D20<>"",NOT(ISNUMBER(FIND("*",D20)))),2,999999) | BM20: =IF(AND($B20=1,E20<>"",NOT(ISNUMBER(FIND("*",E20)))),3,999999) | BN20: =IF(AND($B20=1,F20<>"",NOT(ISNUMBER(FIND("*",F20)))),4,999999) | BO20: =IF(AND($B20=1,G20<>"",NOT(ISNUMBER(FIND("*",G20)))),5,999999) | BP20: =IF(AND($B20=1,H20<>"",NOT(ISNUMBER(FIND("*",H20)))),6,999999) | BQ20: =IF(AND($B20=1,I20<>"",NOT(ISNUMBER(FIND("*",I20)))),7,999999) | BR20: =IF(AND($B20=1,J20<>"",NOT(ISNUMBER(FIND("*",J20)))),8,999999) | BS20: =IF(AND($B20=1,K20<>"",NOT(ISNUMBER(FIND("*",K20)))),9,999999) | BT20: =IF(AND($B20=1,L20<>"",NOT(ISNUMBER(FIND("*",L20)))),10,999999) | BU20: =IF(AND($B20=1,M20<>"",NOT(ISNUMBER(FIND("*",M20)))),11,999999) | BV20: =IF(AND($B20=1,N20<>"",NOT(ISNUMBER(FIND("*",N20)))),12,999999) | BW20: =IF(AND($B20=1,O20<>"",NOT(ISNUMBER(FIND("*",O20)))),13,999999) | BX20: =IF(AND($B20=1,P20<>"",NOT(ISNUMBER(FIND("*",P20)))),14,999999) | BY20: =IF(AND($B20=1,Q20<>"",NOT(ISNUMBER(FIND("*",Q20)))),15,999999) | BZ20: =IF(AND($B20=1,R20<>"",NOT(ISNUMBER(FIND("*",R20)))),16,999999) | CA20: =IF(AND($B20=1,S20<>"",NOT(ISNUMBER(FIND("*",S20)))),17,999999) | CB20: =IF(AND($B20=1,T20<>"",NOT(ISNUMBER(FIND("*",T20)))),18,999999) | CC20: =IF(AND($B20=1,U20<>"",NOT(ISNUMBER(FIND("*",U20)))),19,999999) | CD20: =IF(AND($B20=1,V20<>"",NOT(ISNUMBER(FIND("*",V20)))),20,999999) | CE20: =IF(MIN(AQ20:BJ20)>=999999999,0,MATCH(MIN(AQ20:BJ20),AQ20:BJ20,0)) | CF20: =IF($CE20=1,999999999,W20) | CG20: =IF($CE20=2,999999999,X20) | CH20: =IF($CE20=3,999999999,Y20) | CI20: =IF($CE20=4,999999999,Z20) | CJ20: =IF($CE20=5,999999999,AA20) | CK20: =IF($CE20=6,999999999,AB20) | CL20: =IF($CE20=7,999999999,AC20) | CM20: =IF($CE20=8,999999999,AD20) | CN20: =IF($CE20=9,999999999,AE20) | CO20: =IF($CE20=10,999999999,AF20) | CP20: =IF($CE20=11,999999999,AG20) | CQ20: =IF($CE20=12,999999999,AH20) | CR20: =IF($CE20=13,999999999,AI20) | CS20: =IF($CE20=14,999999999,AJ20) | CT20: =IF($CE20=15,999999999,AK20) | CU20: =IF($CE20=16,999999999,AL20) | CV20: =IF($CE20=17,999999999,AM20) | CW20: =IF($CE20=18,999999999,AN20) | CX20: =IF($CE20=19,999999999,AO20) | CY20: =IF($CE20=20,999999999,AP20) | CZ20: =COUNTIF(W20:AP20,"<999999999") | DA20: =COUNTIF(BK20:CD20,"<999999") | DB20: =$CZ20-IF($CE20>0,1,0) | DC20: =IF(OR($B20=0,C20=""),0,DC19+1) | DD20: =IF(OR($B20=0,D20=""),0,DD19+1) | DE20: =IF(OR($B20=0,E20=""),0,DE19+1) | DF20: =IF(OR($B20=0,F20=""),0,DF19+1) | DG20: =IF(OR($B20=0,G20=""),0,DG19+1) | DH20: =IF(OR($B20=0,H20=""),0,DH19+1) | DI20: =IF(OR($B20=0,I20=""),0,DI19+1) | DJ20: =IF(OR($B20=0,J20=""),0,DJ19+1) | ... DV20: =IF(OR($B20=0,V20=""),0,DV19+1) | DW20: ='ตารางเวร'!T$7 | DX20: =IF($B20=0,0,IF(WEEKDAY('ตารางเวร'!T$6,2)=IFERROR(MATCH('ตารางเวร'!$AM$11,'ตารางเวร'!$AO$10:$AO$17,0),0),1,0))
A21: 19 | B21: =IF(19>DAY(EOMONTH(DATE('ตารางเวร'!$B$3-543,'ตารางเวร'!$B$2,1),0)),0,1) | C21: =IF($B21=0,"",IFERROR(TRIM(INDEX('ตารางเวร'!$C$10:$AG$29,1,$A21)),"")) | D21: =IF($B21=0,"",IFERROR(TRIM(INDEX('ตารางเวร'!$C$10:$AG$29,2,$A21)),"")) | E21: =IF($B21=0,"",IFERROR(TRIM(INDEX('ตารางเวร'!$C$10:$AG$29,3,$A21)),"")) | F21: =IF($B21=0,"",IFERROR(TRIM(INDEX('ตารางเวร'!$C$10:$AG$29,4,$A21)),"")) | G21: =IF($B21=0,"",IFERROR(TRIM(INDEX('ตารางเวร'!$C$10:$AG$29,5,$A21)),"")) | H21: =IF($B21=0,"",IFERROR(TRIM(INDEX('ตารางเวร'!$C$10:$AG$29,6,$A21)),"")) | I21: =IF($B21=0,"",IFERROR(TRIM(INDEX('ตารางเวร'!$C$10:$AG$29,7,$A21)),"")) | J21: =IF($B21=0,"",IFERROR(TRIM(INDEX('ตารางเวร'!$C$10:$AG$29,8,$A21)),"")) | K21: =IF($B21=0,"",IFERROR(TRIM(INDEX('ตารางเวร'!$C$10:$AG$29,9,$A21)),"")) | L21: =IF($B21=0,"",IFERROR(TRIM(INDEX('ตารางเวร'!$C$10:$AG$29,10,$A21)),"")) | M21: =IF($B21=0,"",IFERROR(TRIM(INDEX('ตารางเวร'!$C$10:$AG$29,11,$A21)),"")) | N21: =IF($B21=0,"",IFERROR(TRIM(INDEX('ตารางเวร'!$C$10:$AG$29,12,$A21)),"")) | O21: =IF($B21=0,"",IFERROR(TRIM(INDEX('ตารางเวร'!$C$10:$AG$29,13,$A21)),"")) | P21: =IF($B21=0,"",IFERROR(TRIM(INDEX('ตารางเวร'!$C$10:$AG$29,14,$A21)),"")) | Q21: =IF($B21=0,"",IFERROR(TRIM(INDEX('ตารางเวร'!$C$10:$AG$29,15,$A21)),"")) | R21: =IF($B21=0,"",IFERROR(TRIM(INDEX('ตารางเวร'!$C$10:$AG$29,16,$A21)),"")) | S21: =IF($B21=0,"",IFERROR(TRIM(INDEX('ตารางเวร'!$C$10:$AG$29,17,$A21)),"")) | T21: =IF($B21=0,"",IFERROR(TRIM(INDEX('ตารางเวร'!$C$10:$AG$29,18,$A21)),"")) | U21: =IF($B21=0,"",IFERROR(TRIM(INDEX('ตารางเวร'!$C$10:$AG$29,19,$A21)),"")) | V21: =IF($B21=0,"",IFERROR(TRIM(INDEX('ตารางเวร'!$C$10:$AG$29,20,$A21)),"")) | W21: =IF(AND($B21=1,C21<>"",ISNUMBER(FIND("*",C21))),MOD((MOD('ตารางเวร'!$B$4,9973)*7919+$A21*40289)*(1*104729+7919),99991)*100+1,999999999) | X21: =IF(AND($B21=1,D21<>"",ISNUMBER(FIND("*",D21))),MOD((MOD('ตารางเวร'!$B$4,9973)*7919+$A21*40289)*(2*104729+7919),99991)*100+2,999999999) | Y21: =IF(AND($B21=1,E21<>"",ISNUMBER(FIND("*",E21))),MOD((MOD('ตารางเวร'!$B$4,9973)*7919+$A21*40289)*(3*104729+7919),99991)*100+3,999999999) | Z21: =IF(AND($B21=1,F21<>"",ISNUMBER(FIND("*",F21))),MOD((MOD('ตารางเวร'!$B$4,9973)*7919+$A21*40289)*(4*104729+7919),99991)*100+4,999999999) | AA21: =IF(AND($B21=1,G21<>"",ISNUMBER(FIND("*",G21))),MOD((MOD('ตารางเวร'!$B$4,9973)*7919+$A21*40289)*(5*104729+7919),99991)*100+5,999999999) | AB21: =IF(AND($B21=1,H21<>"",ISNUMBER(FIND("*",H21))),MOD((MOD('ตารางเวร'!$B$4,9973)*7919+$A21*40289)*(6*104729+7919),99991)*100+6,999999999) | AC21: =IF(AND($B21=1,I21<>"",ISNUMBER(FIND("*",I21))),MOD((MOD('ตารางเวร'!$B$4,9973)*7919+$A21*40289)*(7*104729+7919),99991)*100+7,999999999) | AD21: =IF(AND($B21=1,J21<>"",ISNUMBER(FIND("*",J21))),MOD((MOD('ตารางเวร'!$B$4,9973)*7919+$A21*40289)*(8*104729+7919),99991)*100+8,999999999) | AE21: =IF(AND($B21=1,K21<>"",ISNUMBER(FIND("*",K21))),MOD((MOD('ตารางเวร'!$B$4,9973)*7919+$A21*40289)*(9*104729+7919),99991)*100+9,999999999) | AF21: =IF(AND($B21=1,L21<>"",ISNUMBER(FIND("*",L21))),MOD((MOD('ตารางเวร'!$B$4,9973)*7919+$A21*40289)*(10*104729+7919),99991)*100+10,999999999) | AG21: =IF(AND($B21=1,M21<>"",ISNUMBER(FIND("*",M21))),MOD((MOD('ตารางเวร'!$B$4,9973)*7919+$A21*40289)*(11*104729+7919),99991)*100+11,999999999) | AH21: =IF(AND($B21=1,N21<>"",ISNUMBER(FIND("*",N21))),MOD((MOD('ตารางเวร'!$B$4,9973)*7919+$A21*40289)*(12*104729+7919),99991)*100+12,999999999) | AI21: =IF(AND($B21=1,O21<>"",ISNUMBER(FIND("*",O21))),MOD((MOD('ตารางเวร'!$B$4,9973)*7919+$A21*40289)*(13*104729+7919),99991)*100+13,999999999) | AJ21: =IF(AND($B21=1,P21<>"",ISNUMBER(FIND("*",P21))),MOD((MOD('ตารางเวร'!$B$4,9973)*7919+$A21*40289)*(14*104729+7919),99991)*100+14,999999999) | AK21: =IF(AND($B21=1,Q21<>"",ISNUMBER(FIND("*",Q21))),MOD((MOD('ตารางเวร'!$B$4,9973)*7919+$A21*40289)*(15*104729+7919),99991)*100+15,999999999) | AL21: =IF(AND($B21=1,R21<>"",ISNUMBER(FIND("*",R21))),MOD((MOD('ตารางเวร'!$B$4,9973)*7919+$A21*40289)*(16*104729+7919),99991)*100+16,999999999) | AM21: =IF(AND($B21=1,S21<>"",ISNUMBER(FIND("*",S21))),MOD((MOD('ตารางเวร'!$B$4,9973)*7919+$A21*40289)*(17*104729+7919),99991)*100+17,999999999) | AN21: =IF(AND($B21=1,T21<>"",ISNUMBER(FIND("*",T21))),MOD((MOD('ตารางเวร'!$B$4,9973)*7919+$A21*40289)*(18*104729+7919),99991)*100+18,999999999) | AO21: =IF(AND($B21=1,U21<>"",ISNUMBER(FIND("*",U21))),MOD((MOD('ตารางเวร'!$B$4,9973)*7919+$A21*40289)*(19*104729+7919),99991)*100+19,999999999) | AP21: =IF(AND($B21=1,V21<>"",ISNUMBER(FIND("*",V21))),MOD((MOD('ตารางเวร'!$B$4,9973)*7919+$A21*40289)*(20*104729+7919),99991)*100+20,999999999) | AQ21: =IF(TRIM('ตารางเวร'!$B$10)<>"",999999999,W21) | AR21: =IF(TRIM('ตารางเวร'!$B$11)<>"",999999999,X21) | AS21: =IF(TRIM('ตารางเวร'!$B$12)<>"",999999999,Y21) | AT21: =IF(TRIM('ตารางเวร'!$B$13)<>"",999999999,Z21) | AU21: =IF(TRIM('ตารางเวร'!$B$14)<>"",999999999,AA21) | AV21: =IF(TRIM('ตารางเวร'!$B$15)<>"",999999999,AB21) | AW21: =IF(TRIM('ตารางเวร'!$B$16)<>"",999999999,AC21) | AX21: =IF(TRIM('ตารางเวร'!$B$17)<>"",999999999,AD21) | AY21: =IF(TRIM('ตารางเวร'!$B$18)<>"",999999999,AE21) | AZ21: =IF(TRIM('ตารางเวร'!$B$19)<>"",999999999,AF21) | BA21: =IF(TRIM('ตารางเวร'!$B$20)<>"",999999999,AG21) | BB21: =IF(TRIM('ตารางเวร'!$B$21)<>"",999999999,AH21) | BC21: =IF(TRIM('ตารางเวร'!$B$22)<>"",999999999,AI21) | BD21: =IF(TRIM('ตารางเวร'!$B$23)<>"",999999999,AJ21) | BE21: =IF(TRIM('ตารางเวร'!$B$24)<>"",999999999,AK21) | BF21: =IF(TRIM('ตารางเวร'!$B$25)<>"",999999999,AL21) | BG21: =IF(TRIM('ตารางเวร'!$B$26)<>"",999999999,AM21) | BH21: =IF(TRIM('ตารางเวร'!$B$27)<>"",999999999,AN21) | BI21: =IF(TRIM('ตารางเวร'!$B$28)<>"",999999999,AO21) | BJ21: =IF(TRIM('ตารางเวร'!$B$29)<>"",999999999,AP21) | BK21: =IF(AND($B21=1,C21<>"",NOT(ISNUMBER(FIND("*",C21)))),1,999999) | BL21: =IF(AND($B21=1,D21<>"",NOT(ISNUMBER(FIND("*",D21)))),2,999999) | BM21: =IF(AND($B21=1,E21<>"",NOT(ISNUMBER(FIND("*",E21)))),3,999999) | BN21: =IF(AND($B21=1,F21<>"",NOT(ISNUMBER(FIND("*",F21)))),4,999999) | BO21: =IF(AND($B21=1,G21<>"",NOT(ISNUMBER(FIND("*",G21)))),5,999999) | BP21: =IF(AND($B21=1,H21<>"",NOT(ISNUMBER(FIND("*",H21)))),6,999999) | BQ21: =IF(AND($B21=1,I21<>"",NOT(ISNUMBER(FIND("*",I21)))),7,999999) | BR21: =IF(AND($B21=1,J21<>"",NOT(ISNUMBER(FIND("*",J21)))),8,999999) | BS21: =IF(AND($B21=1,K21<>"",NOT(ISNUMBER(FIND("*",K21)))),9,999999) | BT21: =IF(AND($B21=1,L21<>"",NOT(ISNUMBER(FIND("*",L21)))),10,999999) | BU21: =IF(AND($B21=1,M21<>"",NOT(ISNUMBER(FIND("*",M21)))),11,999999) | BV21: =IF(AND($B21=1,N21<>"",NOT(ISNUMBER(FIND("*",N21)))),12,999999) | BW21: =IF(AND($B21=1,O21<>"",NOT(ISNUMBER(FIND("*",O21)))),13,999999) | BX21: =IF(AND($B21=1,P21<>"",NOT(ISNUMBER(FIND("*",P21)))),14,999999) | BY21: =IF(AND($B21=1,Q21<>"",NOT(ISNUMBER(FIND("*",Q21)))),15,999999) | BZ21: =IF(AND($B21=1,R21<>"",NOT(ISNUMBER(FIND("*",R21)))),16,999999) | CA21: =IF(AND($B21=1,S21<>"",NOT(ISNUMBER(FIND("*",S21)))),17,999999) | CB21: =IF(AND($B21=1,T21<>"",NOT(ISNUMBER(FIND("*",T21)))),18,999999) | CC21: =IF(AND($B21=1,U21<>"",NOT(ISNUMBER(FIND("*",U21)))),19,999999) | CD21: =IF(AND($B21=1,V21<>"",NOT(ISNUMBER(FIND("*",V21)))),20,999999) | CE21: =IF(MIN(AQ21:BJ21)>=999999999,0,MATCH(MIN(AQ21:BJ21),AQ21:BJ21,0)) | CF21: =IF($CE21=1,999999999,W21) | CG21: =IF($CE21=2,999999999,X21) | CH21: =IF($CE21=3,999999999,Y21) | CI21: =IF($CE21=4,999999999,Z21) | CJ21: =IF($CE21=5,999999999,AA21) | CK21: =IF($CE21=6,999999999,AB21) | CL21: =IF($CE21=7,999999999,AC21) | CM21: =IF($CE21=8,999999999,AD21) | CN21: =IF($CE21=9,999999999,AE21) | CO21: =IF($CE21=10,999999999,AF21) | CP21: =IF($CE21=11,999999999,AG21) | CQ21: =IF($CE21=12,999999999,AH21) | CR21: =IF($CE21=13,999999999,AI21) | CS21: =IF($CE21=14,999999999,AJ21) | CT21: =IF($CE21=15,999999999,AK21) | CU21: =IF($CE21=16,999999999,AL21) | CV21: =IF($CE21=17,999999999,AM21) | CW21: =IF($CE21=18,999999999,AN21) | CX21: =IF($CE21=19,999999999,AO21) | CY21: =IF($CE21=20,999999999,AP21) | CZ21: =COUNTIF(W21:AP21,"<999999999") | DA21: =COUNTIF(BK21:CD21,"<999999") | DB21: =$CZ21-IF($CE21>0,1,0) | DC21: =IF(OR($B21=0,C21=""),0,DC20+1) | DD21: =IF(OR($B21=0,D21=""),0,DD20+1) | DE21: =IF(OR($B21=0,E21=""),0,DE20+1) | DF21: =IF(OR($B21=0,F21=""),0,DF20+1) | DG21: =IF(OR($B21=0,G21=""),0,DG20+1) | DH21: =IF(OR($B21=0,H21=""),0,DH20+1) | DI21: =IF(OR($B21=0,I21=""),0,DI20+1) | DJ21: =IF(OR($B21=0,J21=""),0,DJ20+1) | ... DV21: =IF(OR($B21=0,V21=""),0,DV20+1) | DW21: ='ตารางเวร'!U$7 | DX21: =IF($B21=0,0,IF(WEEKDAY('ตารางเวร'!U$6,2)=IFERROR(MATCH('ตารางเวร'!$AM$11,'ตารางเวร'!$AO$10:$AO$17,0),0),1,0))
A22: 20 | B22: =IF(20>DAY(EOMONTH(DATE('ตารางเวร'!$B$3-543,'ตารางเวร'!$B$2,1),0)),0,1) | C22: =IF($B22=0,"",IFERROR(TRIM(INDEX('ตารางเวร'!$C$10:$AG$29,1,$A22)),"")) | D22: =IF($B22=0,"",IFERROR(TRIM(INDEX('ตารางเวร'!$C$10:$AG$29,2,$A22)),"")) | E22: =IF($B22=0,"",IFERROR(TRIM(INDEX('ตารางเวร'!$C$10:$AG$29,3,$A22)),"")) | F22: =IF($B22=0,"",IFERROR(TRIM(INDEX('ตารางเวร'!$C$10:$AG$29,4,$A22)),"")) | G22: =IF($B22=0,"",IFERROR(TRIM(INDEX('ตารางเวร'!$C$10:$AG$29,5,$A22)),"")) | H22: =IF($B22=0,"",IFERROR(TRIM(INDEX('ตารางเวร'!$C$10:$AG$29,6,$A22)),"")) | I22: =IF($B22=0,"",IFERROR(TRIM(INDEX('ตารางเวร'!$C$10:$AG$29,7,$A22)),"")) | J22: =IF($B22=0,"",IFERROR(TRIM(INDEX('ตารางเวร'!$C$10:$AG$29,8,$A22)),"")) | K22: =IF($B22=0,"",IFERROR(TRIM(INDEX('ตารางเวร'!$C$10:$AG$29,9,$A22)),"")) | L22: =IF($B22=0,"",IFERROR(TRIM(INDEX('ตารางเวร'!$C$10:$AG$29,10,$A22)),"")) | M22: =IF($B22=0,"",IFERROR(TRIM(INDEX('ตารางเวร'!$C$10:$AG$29,11,$A22)),"")) | N22: =IF($B22=0,"",IFERROR(TRIM(INDEX('ตารางเวร'!$C$10:$AG$29,12,$A22)),"")) | O22: =IF($B22=0,"",IFERROR(TRIM(INDEX('ตารางเวร'!$C$10:$AG$29,13,$A22)),"")) | P22: =IF($B22=0,"",IFERROR(TRIM(INDEX('ตารางเวร'!$C$10:$AG$29,14,$A22)),"")) | Q22: =IF($B22=0,"",IFERROR(TRIM(INDEX('ตารางเวร'!$C$10:$AG$29,15,$A22)),"")) | R22: =IF($B22=0,"",IFERROR(TRIM(INDEX('ตารางเวร'!$C$10:$AG$29,16,$A22)),"")) | S22: =IF($B22=0,"",IFERROR(TRIM(INDEX('ตารางเวร'!$C$10:$AG$29,17,$A22)),"")) | T22: =IF($B22=0,"",IFERROR(TRIM(INDEX('ตารางเวร'!$C$10:$AG$29,18,$A22)),"")) | U22: =IF($B22=0,"",IFERROR(TRIM(INDEX('ตารางเวร'!$C$10:$AG$29,19,$A22)),"")) | V22: =IF($B22=0,"",IFERROR(TRIM(INDEX('ตารางเวร'!$C$10:$AG$29,20,$A22)),"")) | W22: =IF(AND($B22=1,C22<>"",ISNUMBER(FIND("*",C22))),MOD((MOD('ตารางเวร'!$B$4,9973)*7919+$A22*40289)*(1*104729+7919),99991)*100+1,999999999) | X22: =IF(AND($B22=1,D22<>"",ISNUMBER(FIND("*",D22))),MOD((MOD('ตารางเวร'!$B$4,9973)*7919+$A22*40289)*(2*104729+7919),99991)*100+2,999999999) | Y22: =IF(AND($B22=1,E22<>"",ISNUMBER(FIND("*",E22))),MOD((MOD('ตารางเวร'!$B$4,9973)*7919+$A22*40289)*(3*104729+7919),99991)*100+3,999999999) | Z22: =IF(AND($B22=1,F22<>"",ISNUMBER(FIND("*",F22))),MOD((MOD('ตารางเวร'!$B$4,9973)*7919+$A22*40289)*(4*104729+7919),99991)*100+4,999999999) | AA22: =IF(AND($B22=1,G22<>"",ISNUMBER(FIND("*",G22))),MOD((MOD('ตารางเวร'!$B$4,9973)*7919+$A22*40289)*(5*104729+7919),99991)*100+5,999999999) | AB22: =IF(AND($B22=1,H22<>"",ISNUMBER(FIND("*",H22))),MOD((MOD('ตารางเวร'!$B$4,9973)*7919+$A22*40289)*(6*104729+7919),99991)*100+6,999999999) | AC22: =IF(AND($B22=1,I22<>"",ISNUMBER(FIND("*",I22))),MOD((MOD('ตารางเวร'!$B$4,9973)*7919+$A22*40289)*(7*104729+7919),99991)*100+7,999999999) | AD22: =IF(AND($B22=1,J22<>"",ISNUMBER(FIND("*",J22))),MOD((MOD('ตารางเวร'!$B$4,9973)*7919+$A22*40289)*(8*104729+7919),99991)*100+8,999999999) | AE22: =IF(AND($B22=1,K22<>"",ISNUMBER(FIND("*",K22))),MOD((MOD('ตารางเวร'!$B$4,9973)*7919+$A22*40289)*(9*104729+7919),99991)*100+9,999999999) | AF22: =IF(AND($B22=1,L22<>"",ISNUMBER(FIND("*",L22))),MOD((MOD('ตารางเวร'!$B$4,9973)*7919+$A22*40289)*(10*104729+7919),99991)*100+10,999999999) | AG22: =IF(AND($B22=1,M22<>"",ISNUMBER(FIND("*",M22))),MOD((MOD('ตารางเวร'!$B$4,9973)*7919+$A22*40289)*(11*104729+7919),99991)*100+11,999999999) | AH22: =IF(AND($B22=1,N22<>"",ISNUMBER(FIND("*",N22))),MOD((MOD('ตารางเวร'!$B$4,9973)*7919+$A22*40289)*(12*104729+7919),99991)*100+12,999999999) | AI22: =IF(AND($B22=1,O22<>"",ISNUMBER(FIND("*",O22))),MOD((MOD('ตารางเวร'!$B$4,9973)*7919+$A22*40289)*(13*104729+7919),99991)*100+13,999999999) | AJ22: =IF(AND($B22=1,P22<>"",ISNUMBER(FIND("*",P22))),MOD((MOD('ตารางเวร'!$B$4,9973)*7919+$A22*40289)*(14*104729+7919),99991)*100+14,999999999) | AK22: =IF(AND($B22=1,Q22<>"",ISNUMBER(FIND("*",Q22))),MOD((MOD('ตารางเวร'!$B$4,9973)*7919+$A22*40289)*(15*104729+7919),99991)*100+15,999999999) | AL22: =IF(AND($B22=1,R22<>"",ISNUMBER(FIND("*",R22))),MOD((MOD('ตารางเวร'!$B$4,9973)*7919+$A22*40289)*(16*104729+7919),99991)*100+16,999999999) | AM22: =IF(AND($B22=1,S22<>"",ISNUMBER(FIND("*",S22))),MOD((MOD('ตารางเวร'!$B$4,9973)*7919+$A22*40289)*(17*104729+7919),99991)*100+17,999999999) | AN22: =IF(AND($B22=1,T22<>"",ISNUMBER(FIND("*",T22))),MOD((MOD('ตารางเวร'!$B$4,9973)*7919+$A22*40289)*(18*104729+7919),99991)*100+18,999999999) | AO22: =IF(AND($B22=1,U22<>"",ISNUMBER(FIND("*",U22))),MOD((MOD('ตารางเวร'!$B$4,9973)*7919+$A22*40289)*(19*104729+7919),99991)*100+19,999999999) | AP22: =IF(AND($B22=1,V22<>"",ISNUMBER(FIND("*",V22))),MOD((MOD('ตารางเวร'!$B$4,9973)*7919+$A22*40289)*(20*104729+7919),99991)*100+20,999999999) | AQ22: =IF(TRIM('ตารางเวร'!$B$10)<>"",999999999,W22) | AR22: =IF(TRIM('ตารางเวร'!$B$11)<>"",999999999,X22) | AS22: =IF(TRIM('ตารางเวร'!$B$12)<>"",999999999,Y22) | AT22: =IF(TRIM('ตารางเวร'!$B$13)<>"",999999999,Z22) | AU22: =IF(TRIM('ตารางเวร'!$B$14)<>"",999999999,AA22) | AV22: =IF(TRIM('ตารางเวร'!$B$15)<>"",999999999,AB22) | AW22: =IF(TRIM('ตารางเวร'!$B$16)<>"",999999999,AC22) | AX22: =IF(TRIM('ตารางเวร'!$B$17)<>"",999999999,AD22) | AY22: =IF(TRIM('ตารางเวร'!$B$18)<>"",999999999,AE22) | AZ22: =IF(TRIM('ตารางเวร'!$B$19)<>"",999999999,AF22) | BA22: =IF(TRIM('ตารางเวร'!$B$20)<>"",999999999,AG22) | BB22: =IF(TRIM('ตารางเวร'!$B$21)<>"",999999999,AH22) | BC22: =IF(TRIM('ตารางเวร'!$B$22)<>"",999999999,AI22) | BD22: =IF(TRIM('ตารางเวร'!$B$23)<>"",999999999,AJ22) | BE22: =IF(TRIM('ตารางเวร'!$B$24)<>"",999999999,AK22) | BF22: =IF(TRIM('ตารางเวร'!$B$25)<>"",999999999,AL22) | BG22: =IF(TRIM('ตารางเวร'!$B$26)<>"",999999999,AM22) | BH22: =IF(TRIM('ตารางเวร'!$B$27)<>"",999999999,AN22) | BI22: =IF(TRIM('ตารางเวร'!$B$28)<>"",999999999,AO22) | BJ22: =IF(TRIM('ตารางเวร'!$B$29)<>"",999999999,AP22) | BK22: =IF(AND($B22=1,C22<>"",NOT(ISNUMBER(FIND("*",C22)))),1,999999) | BL22: =IF(AND($B22=1,D22<>"",NOT(ISNUMBER(FIND("*",D22)))),2,999999) | BM22: =IF(AND($B22=1,E22<>"",NOT(ISNUMBER(FIND("*",E22)))),3,999999) | BN22: =IF(AND($B22=1,F22<>"",NOT(ISNUMBER(FIND("*",F22)))),4,999999) | BO22: =IF(AND($B22=1,G22<>"",NOT(ISNUMBER(FIND("*",G22)))),5,999999) | BP22: =IF(AND($B22=1,H22<>"",NOT(ISNUMBER(FIND("*",H22)))),6,999999) | BQ22: =IF(AND($B22=1,I22<>"",NOT(ISNUMBER(FIND("*",I22)))),7,999999) | BR22: =IF(AND($B22=1,J22<>"",NOT(ISNUMBER(FIND("*",J22)))),8,999999) | BS22: =IF(AND($B22=1,K22<>"",NOT(ISNUMBER(FIND("*",K22)))),9,999999) | BT22: =IF(AND($B22=1,L22<>"",NOT(ISNUMBER(FIND("*",L22)))),10,999999) | BU22: =IF(AND($B22=1,M22<>"",NOT(ISNUMBER(FIND("*",M22)))),11,999999) | BV22: =IF(AND($B22=1,N22<>"",NOT(ISNUMBER(FIND("*",N22)))),12,999999) | BW22: =IF(AND($B22=1,O22<>"",NOT(ISNUMBER(FIND("*",O22)))),13,999999) | BX22: =IF(AND($B22=1,P22<>"",NOT(ISNUMBER(FIND("*",P22)))),14,999999) | BY22: =IF(AND($B22=1,Q22<>"",NOT(ISNUMBER(FIND("*",Q22)))),15,999999) | BZ22: =IF(AND($B22=1,R22<>"",NOT(ISNUMBER(FIND("*",R22)))),16,999999) | CA22: =IF(AND($B22=1,S22<>"",NOT(ISNUMBER(FIND("*",S22)))),17,999999) | CB22: =IF(AND($B22=1,T22<>"",NOT(ISNUMBER(FIND("*",T22)))),18,999999) | CC22: =IF(AND($B22=1,U22<>"",NOT(ISNUMBER(FIND("*",U22)))),19,999999) | CD22: =IF(AND($B22=1,V22<>"",NOT(ISNUMBER(FIND("*",V22)))),20,999999) | CE22: =IF(MIN(AQ22:BJ22)>=999999999,0,MATCH(MIN(AQ22:BJ22),AQ22:BJ22,0)) | CF22: =IF($CE22=1,999999999,W22) | CG22: =IF($CE22=2,999999999,X22) | CH22: =IF($CE22=3,999999999,Y22) | CI22: =IF($CE22=4,999999999,Z22) | CJ22: =IF($CE22=5,999999999,AA22) | CK22: =IF($CE22=6,999999999,AB22) | CL22: =IF($CE22=7,999999999,AC22) | CM22: =IF($CE22=8,999999999,AD22) | CN22: =IF($CE22=9,999999999,AE22) | CO22: =IF($CE22=10,999999999,AF22) | CP22: =IF($CE22=11,999999999,AG22) | CQ22: =IF($CE22=12,999999999,AH22) | CR22: =IF($CE22=13,999999999,AI22) | CS22: =IF($CE22=14,999999999,AJ22) | CT22: =IF($CE22=15,999999999,AK22) | CU22: =IF($CE22=16,999999999,AL22) | CV22: =IF($CE22=17,999999999,AM22) | CW22: =IF($CE22=18,999999999,AN22) | CX22: =IF($CE22=19,999999999,AO22) | CY22: =IF($CE22=20,999999999,AP22) | CZ22: =COUNTIF(W22:AP22,"<999999999") | DA22: =COUNTIF(BK22:CD22,"<999999") | DB22: =$CZ22-IF($CE22>0,1,0) | DC22: =IF(OR($B22=0,C22=""),0,DC21+1) | DD22: =IF(OR($B22=0,D22=""),0,DD21+1) | DE22: =IF(OR($B22=0,E22=""),0,DE21+1) | DF22: =IF(OR($B22=0,F22=""),0,DF21+1) | DG22: =IF(OR($B22=0,G22=""),0,DG21+1) | DH22: =IF(OR($B22=0,H22=""),0,DH21+1) | DI22: =IF(OR($B22=0,I22=""),0,DI21+1) | DJ22: =IF(OR($B22=0,J22=""),0,DJ21+1) | ... DV22: =IF(OR($B22=0,V22=""),0,DV21+1) | DW22: ='ตารางเวร'!V$7 | DX22: =IF($B22=0,0,IF(WEEKDAY('ตารางเวร'!V$6,2)=IFERROR(MATCH('ตารางเวร'!$AM$11,'ตารางเวร'!$AO$10:$AO$17,0),0),1,0))
A23: 21 | B23: =IF(21>DAY(EOMONTH(DATE('ตารางเวร'!$B$3-543,'ตารางเวร'!$B$2,1),0)),0,1) | C23: =IF($B23=0,"",IFERROR(TRIM(INDEX('ตารางเวร'!$C$10:$AG$29,1,$A23)),"")) | D23: =IF($B23=0,"",IFERROR(TRIM(INDEX('ตารางเวร'!$C$10:$AG$29,2,$A23)),"")) | E23: =IF($B23=0,"",IFERROR(TRIM(INDEX('ตารางเวร'!$C$10:$AG$29,3,$A23)),"")) | F23: =IF($B23=0,"",IFERROR(TRIM(INDEX('ตารางเวร'!$C$10:$AG$29,4,$A23)),"")) | G23: =IF($B23=0,"",IFERROR(TRIM(INDEX('ตารางเวร'!$C$10:$AG$29,5,$A23)),"")) | H23: =IF($B23=0,"",IFERROR(TRIM(INDEX('ตารางเวร'!$C$10:$AG$29,6,$A23)),"")) | I23: =IF($B23=0,"",IFERROR(TRIM(INDEX('ตารางเวร'!$C$10:$AG$29,7,$A23)),"")) | J23: =IF($B23=0,"",IFERROR(TRIM(INDEX('ตารางเวร'!$C$10:$AG$29,8,$A23)),"")) | K23: =IF($B23=0,"",IFERROR(TRIM(INDEX('ตารางเวร'!$C$10:$AG$29,9,$A23)),"")) | L23: =IF($B23=0,"",IFERROR(TRIM(INDEX('ตารางเวร'!$C$10:$AG$29,10,$A23)),"")) | M23: =IF($B23=0,"",IFERROR(TRIM(INDEX('ตารางเวร'!$C$10:$AG$29,11,$A23)),"")) | N23: =IF($B23=0,"",IFERROR(TRIM(INDEX('ตารางเวร'!$C$10:$AG$29,12,$A23)),"")) | O23: =IF($B23=0,"",IFERROR(TRIM(INDEX('ตารางเวร'!$C$10:$AG$29,13,$A23)),"")) | P23: =IF($B23=0,"",IFERROR(TRIM(INDEX('ตารางเวร'!$C$10:$AG$29,14,$A23)),"")) | Q23: =IF($B23=0,"",IFERROR(TRIM(INDEX('ตารางเวร'!$C$10:$AG$29,15,$A23)),"")) | R23: =IF($B23=0,"",IFERROR(TRIM(INDEX('ตารางเวร'!$C$10:$AG$29,16,$A23)),"")) | S23: =IF($B23=0,"",IFERROR(TRIM(INDEX('ตารางเวร'!$C$10:$AG$29,17,$A23)),"")) | T23: =IF($B23=0,"",IFERROR(TRIM(INDEX('ตารางเวร'!$C$10:$AG$29,18,$A23)),"")) | U23: =IF($B23=0,"",IFERROR(TRIM(INDEX('ตารางเวร'!$C$10:$AG$29,19,$A23)),"")) | V23: =IF($B23=0,"",IFERROR(TRIM(INDEX('ตารางเวร'!$C$10:$AG$29,20,$A23)),"")) | W23: =IF(AND($B23=1,C23<>"",ISNUMBER(FIND("*",C23))),MOD((MOD('ตารางเวร'!$B$4,9973)*7919+$A23*40289)*(1*104729+7919),99991)*100+1,999999999) | X23: =IF(AND($B23=1,D23<>"",ISNUMBER(FIND("*",D23))),MOD((MOD('ตารางเวร'!$B$4,9973)*7919+$A23*40289)*(2*104729+7919),99991)*100+2,999999999) | Y23: =IF(AND($B23=1,E23<>"",ISNUMBER(FIND("*",E23))),MOD((MOD('ตารางเวร'!$B$4,9973)*7919+$A23*40289)*(3*104729+7919),99991)*100+3,999999999) | Z23: =IF(AND($B23=1,F23<>"",ISNUMBER(FIND("*",F23))),MOD((MOD('ตารางเวร'!$B$4,9973)*7919+$A23*40289)*(4*104729+7919),99991)*100+4,999999999) | AA23: =IF(AND($B23=1,G23<>"",ISNUMBER(FIND("*",G23))),MOD((MOD('ตารางเวร'!$B$4,9973)*7919+$A23*40289)*(5*104729+7919),99991)*100+5,999999999) | AB23: =IF(AND($B23=1,H23<>"",ISNUMBER(FIND("*",H23))),MOD((MOD('ตารางเวร'!$B$4,9973)*7919+$A23*40289)*(6*104729+7919),99991)*100+6,999999999) | AC23: =IF(AND($B23=1,I23<>"",ISNUMBER(FIND("*",I23))),MOD((MOD('ตารางเวร'!$B$4,9973)*7919+$A23*40289)*(7*104729+7919),99991)*100+7,999999999) | AD23: =IF(AND($B23=1,J23<>"",ISNUMBER(FIND("*",J23))),MOD((MOD('ตารางเวร'!$B$4,9973)*7919+$A23*40289)*(8*104729+7919),99991)*100+8,999999999) | AE23: =IF(AND($B23=1,K23<>"",ISNUMBER(FIND("*",K23))),MOD((MOD('ตารางเวร'!$B$4,9973)*7919+$A23*40289)*(9*104729+7919),99991)*100+9,999999999) | AF23: =IF(AND($B23=1,L23<>"",ISNUMBER(FIND("*",L23))),MOD((MOD('ตารางเวร'!$B$4,9973)*7919+$A23*40289)*(10*104729+7919),99991)*100+10,999999999) | AG23: =IF(AND($B23=1,M23<>"",ISNUMBER(FIND("*",M23))),MOD((MOD('ตารางเวร'!$B$4,9973)*7919+$A23*40289)*(11*104729+7919),99991)*100+11,999999999) | AH23: =IF(AND($B23=1,N23<>"",ISNUMBER(FIND("*",N23))),MOD((MOD('ตารางเวร'!$B$4,9973)*7919+$A23*40289)*(12*104729+7919),99991)*100+12,999999999) | AI23: =IF(AND($B23=1,O23<>"",ISNUMBER(FIND("*",O23))),MOD((MOD('ตารางเวร'!$B$4,9973)*7919+$A23*40289)*(13*104729+7919),99991)*100+13,999999999) | AJ23: =IF(AND($B23=1,P23<>"",ISNUMBER(FIND("*",P23))),MOD((MOD('ตารางเวร'!$B$4,9973)*7919+$A23*40289)*(14*104729+7919),99991)*100+14,999999999) | AK23: =IF(AND($B23=1,Q23<>"",ISNUMBER(FIND("*",Q23))),MOD((MOD('ตารางเวร'!$B$4,9973)*7919+$A23*40289)*(15*104729+7919),99991)*100+15,999999999) | AL23: =IF(AND($B23=1,R23<>"",ISNUMBER(FIND("*",R23))),MOD((MOD('ตารางเวร'!$B$4,9973)*7919+$A23*40289)*(16*104729+7919),99991)*100+16,999999999) | AM23: =IF(AND($B23=1,S23<>"",ISNUMBER(FIND("*",S23))),MOD((MOD('ตารางเวร'!$B$4,9973)*7919+$A23*40289)*(17*104729+7919),99991)*100+17,999999999) | AN23: =IF(AND($B23=1,T23<>"",ISNUMBER(FIND("*",T23))),MOD((MOD('ตารางเวร'!$B$4,9973)*7919+$A23*40289)*(18*104729+7919),99991)*100+18,999999999) | AO23: =IF(AND($B23=1,U23<>"",ISNUMBER(FIND("*",U23))),MOD((MOD('ตารางเวร'!$B$4,9973)*7919+$A23*40289)*(19*104729+7919),99991)*100+19,999999999) | AP23: =IF(AND($B23=1,V23<>"",ISNUMBER(FIND("*",V23))),MOD((MOD('ตารางเวร'!$B$4,9973)*7919+$A23*40289)*(20*104729+7919),99991)*100+20,999999999) | AQ23: =IF(TRIM('ตารางเวร'!$B$10)<>"",999999999,W23) | AR23: =IF(TRIM('ตารางเวร'!$B$11)<>"",999999999,X23) | AS23: =IF(TRIM('ตารางเวร'!$B$12)<>"",999999999,Y23) | AT23: =IF(TRIM('ตารางเวร'!$B$13)<>"",999999999,Z23) | AU23: =IF(TRIM('ตารางเวร'!$B$14)<>"",999999999,AA23) | AV23: =IF(TRIM('ตารางเวร'!$B$15)<>"",999999999,AB23) | AW23: =IF(TRIM('ตารางเวร'!$B$16)<>"",999999999,AC23) | AX23: =IF(TRIM('ตารางเวร'!$B$17)<>"",999999999,AD23) | AY23: =IF(TRIM('ตารางเวร'!$B$18)<>"",999999999,AE23) | AZ23: =IF(TRIM('ตารางเวร'!$B$19)<>"",999999999,AF23) | BA23: =IF(TRIM('ตารางเวร'!$B$20)<>"",999999999,AG23) | BB23: =IF(TRIM('ตารางเวร'!$B$21)<>"",999999999,AH23) | BC23: =IF(TRIM('ตารางเวร'!$B$22)<>"",999999999,AI23) | BD23: =IF(TRIM('ตารางเวร'!$B$23)<>"",999999999,AJ23) | BE23: =IF(TRIM('ตารางเวร'!$B$24)<>"",999999999,AK23) | BF23: =IF(TRIM('ตารางเวร'!$B$25)<>"",999999999,AL23) | BG23: =IF(TRIM('ตารางเวร'!$B$26)<>"",999999999,AM23) | BH23: =IF(TRIM('ตารางเวร'!$B$27)<>"",999999999,AN23) | BI23: =IF(TRIM('ตารางเวร'!$B$28)<>"",999999999,AO23) | BJ23: =IF(TRIM('ตารางเวร'!$B$29)<>"",999999999,AP23) | BK23: =IF(AND($B23=1,C23<>"",NOT(ISNUMBER(FIND("*",C23)))),1,999999) | BL23: =IF(AND($B23=1,D23<>"",NOT(ISNUMBER(FIND("*",D23)))),2,999999) | BM23: =IF(AND($B23=1,E23<>"",NOT(ISNUMBER(FIND("*",E23)))),3,999999) | BN23: =IF(AND($B23=1,F23<>"",NOT(ISNUMBER(FIND("*",F23)))),4,999999) | BO23: =IF(AND($B23=1,G23<>"",NOT(ISNUMBER(FIND("*",G23)))),5,999999) | BP23: =IF(AND($B23=1,H23<>"",NOT(ISNUMBER(FIND("*",H23)))),6,999999) | BQ23: =IF(AND($B23=1,I23<>"",NOT(ISNUMBER(FIND("*",I23)))),7,999999) | BR23: =IF(AND($B23=1,J23<>"",NOT(ISNUMBER(FIND("*",J23)))),8,999999) | BS23: =IF(AND($B23=1,K23<>"",NOT(ISNUMBER(FIND("*",K23)))),9,999999) | BT23: =IF(AND($B23=1,L23<>"",NOT(ISNUMBER(FIND("*",L23)))),10,999999) | BU23: =IF(AND($B23=1,M23<>"",NOT(ISNUMBER(FIND("*",M23)))),11,999999) | BV23: =IF(AND($B23=1,N23<>"",NOT(ISNUMBER(FIND("*",N23)))),12,999999) | BW23: =IF(AND($B23=1,O23<>"",NOT(ISNUMBER(FIND("*",O23)))),13,999999) | BX23: =IF(AND($B23=1,P23<>"",NOT(ISNUMBER(FIND("*",P23)))),14,999999) | BY23: =IF(AND($B23=1,Q23<>"",NOT(ISNUMBER(FIND("*",Q23)))),15,999999) | BZ23: =IF(AND($B23=1,R23<>"",NOT(ISNUMBER(FIND("*",R23)))),16,999999) | CA23: =IF(AND($B23=1,S23<>"",NOT(ISNUMBER(FIND("*",S23)))),17,999999) | CB23: =IF(AND($B23=1,T23<>"",NOT(ISNUMBER(FIND("*",T23)))),18,999999) | CC23: =IF(AND($B23=1,U23<>"",NOT(ISNUMBER(FIND("*",U23)))),19,999999) | CD23: =IF(AND($B23=1,V23<>"",NOT(ISNUMBER(FIND("*",V23)))),20,999999) | CE23: =IF(MIN(AQ23:BJ23)>=999999999,0,MATCH(MIN(AQ23:BJ23),AQ23:BJ23,0)) | CF23: =IF($CE23=1,999999999,W23) | CG23: =IF($CE23=2,999999999,X23) | CH23: =IF($CE23=3,999999999,Y23) | CI23: =IF($CE23=4,999999999,Z23) | CJ23: =IF($CE23=5,999999999,AA23) | CK23: =IF($CE23=6,999999999,AB23) | CL23: =IF($CE23=7,999999999,AC23) | CM23: =IF($CE23=8,999999999,AD23) | CN23: =IF($CE23=9,999999999,AE23) | CO23: =IF($CE23=10,999999999,AF23) | CP23: =IF($CE23=11,999999999,AG23) | CQ23: =IF($CE23=12,999999999,AH23) | CR23: =IF($CE23=13,999999999,AI23) | CS23: =IF($CE23=14,999999999,AJ23) | CT23: =IF($CE23=15,999999999,AK23) | CU23: =IF($CE23=16,999999999,AL23) | CV23: =IF($CE23=17,999999999,AM23) | CW23: =IF($CE23=18,999999999,AN23) | CX23: =IF($CE23=19,999999999,AO23) | CY23: =IF($CE23=20,999999999,AP23) | CZ23: =COUNTIF(W23:AP23,"<999999999") | DA23: =COUNTIF(BK23:CD23,"<999999") | DB23: =$CZ23-IF($CE23>0,1,0) | DC23: =IF(OR($B23=0,C23=""),0,DC22+1) | DD23: =IF(OR($B23=0,D23=""),0,DD22+1) | DE23: =IF(OR($B23=0,E23=""),0,DE22+1) | DF23: =IF(OR($B23=0,F23=""),0,DF22+1) | DG23: =IF(OR($B23=0,G23=""),0,DG22+1) | DH23: =IF(OR($B23=0,H23=""),0,DH22+1) | DI23: =IF(OR($B23=0,I23=""),0,DI22+1) | DJ23: =IF(OR($B23=0,J23=""),0,DJ22+1) | ... DV23: =IF(OR($B23=0,V23=""),0,DV22+1) | DW23: ='ตารางเวร'!W$7 | DX23: =IF($B23=0,0,IF(WEEKDAY('ตารางเวร'!W$6,2)=IFERROR(MATCH('ตารางเวร'!$AM$11,'ตารางเวร'!$AO$10:$AO$17,0),0),1,0))
A24: 22 | B24: =IF(22>DAY(EOMONTH(DATE('ตารางเวร'!$B$3-543,'ตารางเวร'!$B$2,1),0)),0,1) | C24: =IF($B24=0,"",IFERROR(TRIM(INDEX('ตารางเวร'!$C$10:$AG$29,1,$A24)),"")) | D24: =IF($B24=0,"",IFERROR(TRIM(INDEX('ตารางเวร'!$C$10:$AG$29,2,$A24)),"")) | E24: =IF($B24=0,"",IFERROR(TRIM(INDEX('ตารางเวร'!$C$10:$AG$29,3,$A24)),"")) | F24: =IF($B24=0,"",IFERROR(TRIM(INDEX('ตารางเวร'!$C$10:$AG$29,4,$A24)),"")) | G24: =IF($B24=0,"",IFERROR(TRIM(INDEX('ตารางเวร'!$C$10:$AG$29,5,$A24)),"")) | H24: =IF($B24=0,"",IFERROR(TRIM(INDEX('ตารางเวร'!$C$10:$AG$29,6,$A24)),"")) | I24: =IF($B24=0,"",IFERROR(TRIM(INDEX('ตารางเวร'!$C$10:$AG$29,7,$A24)),"")) | J24: =IF($B24=0,"",IFERROR(TRIM(INDEX('ตารางเวร'!$C$10:$AG$29,8,$A24)),"")) | K24: =IF($B24=0,"",IFERROR(TRIM(INDEX('ตารางเวร'!$C$10:$AG$29,9,$A24)),"")) | L24: =IF($B24=0,"",IFERROR(TRIM(INDEX('ตารางเวร'!$C$10:$AG$29,10,$A24)),"")) | M24: =IF($B24=0,"",IFERROR(TRIM(INDEX('ตารางเวร'!$C$10:$AG$29,11,$A24)),"")) | N24: =IF($B24=0,"",IFERROR(TRIM(INDEX('ตารางเวร'!$C$10:$AG$29,12,$A24)),"")) | O24: =IF($B24=0,"",IFERROR(TRIM(INDEX('ตารางเวร'!$C$10:$AG$29,13,$A24)),"")) | P24: =IF($B24=0,"",IFERROR(TRIM(INDEX('ตารางเวร'!$C$10:$AG$29,14,$A24)),"")) | Q24: =IF($B24=0,"",IFERROR(TRIM(INDEX('ตารางเวร'!$C$10:$AG$29,15,$A24)),"")) | R24: =IF($B24=0,"",IFERROR(TRIM(INDEX('ตารางเวร'!$C$10:$AG$29,16,$A24)),"")) | S24: =IF($B24=0,"",IFERROR(TRIM(INDEX('ตารางเวร'!$C$10:$AG$29,17,$A24)),"")) | T24: =IF($B24=0,"",IFERROR(TRIM(INDEX('ตารางเวร'!$C$10:$AG$29,18,$A24)),"")) | U24: =IF($B24=0,"",IFERROR(TRIM(INDEX('ตารางเวร'!$C$10:$AG$29,19,$A24)),"")) | V24: =IF($B24=0,"",IFERROR(TRIM(INDEX('ตารางเวร'!$C$10:$AG$29,20,$A24)),"")) | W24: =IF(AND($B24=1,C24<>"",ISNUMBER(FIND("*",C24))),MOD((MOD('ตารางเวร'!$B$4,9973)*7919+$A24*40289)*(1*104729+7919),99991)*100+1,999999999) | X24: =IF(AND($B24=1,D24<>"",ISNUMBER(FIND("*",D24))),MOD((MOD('ตารางเวร'!$B$4,9973)*7919+$A24*40289)*(2*104729+7919),99991)*100+2,999999999) | Y24: =IF(AND($B24=1,E24<>"",ISNUMBER(FIND("*",E24))),MOD((MOD('ตารางเวร'!$B$4,9973)*7919+$A24*40289)*(3*104729+7919),99991)*100+3,999999999) | Z24: =IF(AND($B24=1,F24<>"",ISNUMBER(FIND("*",F24))),MOD((MOD('ตารางเวร'!$B$4,9973)*7919+$A24*40289)*(4*104729+7919),99991)*100+4,999999999) | AA24: =IF(AND($B24=1,G24<>"",ISNUMBER(FIND("*",G24))),MOD((MOD('ตารางเวร'!$B$4,9973)*7919+$A24*40289)*(5*104729+7919),99991)*100+5,999999999) | AB24: =IF(AND($B24=1,H24<>"",ISNUMBER(FIND("*",H24))),MOD((MOD('ตารางเวร'!$B$4,9973)*7919+$A24*40289)*(6*104729+7919),99991)*100+6,999999999) | AC24: =IF(AND($B24=1,I24<>"",ISNUMBER(FIND("*",I24))),MOD((MOD('ตารางเวร'!$B$4,9973)*7919+$A24*40289)*(7*104729+7919),99991)*100+7,999999999) | AD24: =IF(AND($B24=1,J24<>"",ISNUMBER(FIND("*",J24))),MOD((MOD('ตารางเวร'!$B$4,9973)*7919+$A24*40289)*(8*104729+7919),99991)*100+8,999999999) | AE24: =IF(AND($B24=1,K24<>"",ISNUMBER(FIND("*",K24))),MOD((MOD('ตารางเวร'!$B$4,9973)*7919+$A24*40289)*(9*104729+7919),99991)*100+9,999999999) | AF24: =IF(AND($B24=1,L24<>"",ISNUMBER(FIND("*",L24))),MOD((MOD('ตารางเวร'!$B$4,9973)*7919+$A24*40289)*(10*104729+7919),99991)*100+10,999999999) | AG24: =IF(AND($B24=1,M24<>"",ISNUMBER(FIND("*",M24))),MOD((MOD('ตารางเวร'!$B$4,9973)*7919+$A24*40289)*(11*104729+7919),99991)*100+11,999999999) | AH24: =IF(AND($B24=1,N24<>"",ISNUMBER(FIND("*",N24))),MOD((MOD('ตารางเวร'!$B$4,9973)*7919+$A24*40289)*(12*104729+7919),99991)*100+12,999999999) | AI24: =IF(AND($B24=1,O24<>"",ISNUMBER(FIND("*",O24))),MOD((MOD('ตารางเวร'!$B$4,9973)*7919+$A24*40289)*(13*104729+7919),99991)*100+13,999999999) | AJ24: =IF(AND($B24=1,P24<>"",ISNUMBER(FIND("*",P24))),MOD((MOD('ตารางเวร'!$B$4,9973)*7919+$A24*40289)*(14*104729+7919),99991)*100+14,999999999) | AK24: =IF(AND($B24=1,Q24<>"",ISNUMBER(FIND("*",Q24))),MOD((MOD('ตารางเวร'!$B$4,9973)*7919+$A24*40289)*(15*104729+7919),99991)*100+15,999999999) | AL24: =IF(AND($B24=1,R24<>"",ISNUMBER(FIND("*",R24))),MOD((MOD('ตารางเวร'!$B$4,9973)*7919+$A24*40289)*(16*104729+7919),99991)*100+16,999999999) | AM24: =IF(AND($B24=1,S24<>"",ISNUMBER(FIND("*",S24))),MOD((MOD('ตารางเวร'!$B$4,9973)*7919+$A24*40289)*(17*104729+7919),99991)*100+17,999999999) | AN24: =IF(AND($B24=1,T24<>"",ISNUMBER(FIND("*",T24))),MOD((MOD('ตารางเวร'!$B$4,9973)*7919+$A24*40289)*(18*104729+7919),99991)*100+18,999999999) | AO24: =IF(AND($B24=1,U24<>"",ISNUMBER(FIND("*",U24))),MOD((MOD('ตารางเวร'!$B$4,9973)*7919+$A24*40289)*(19*104729+7919),99991)*100+19,999999999) | AP24: =IF(AND($B24=1,V24<>"",ISNUMBER(FIND("*",V24))),MOD((MOD('ตารางเวร'!$B$4,9973)*7919+$A24*40289)*(20*104729+7919),99991)*100+20,999999999) | AQ24: =IF(TRIM('ตารางเวร'!$B$10)<>"",999999999,W24) | AR24: =IF(TRIM('ตารางเวร'!$B$11)<>"",999999999,X24) | AS24: =IF(TRIM('ตารางเวร'!$B$12)<>"",999999999,Y24) | AT24: =IF(TRIM('ตารางเวร'!$B$13)<>"",999999999,Z24) | AU24: =IF(TRIM('ตารางเวร'!$B$14)<>"",999999999,AA24) | AV24: =IF(TRIM('ตารางเวร'!$B$15)<>"",999999999,AB24) | AW24: =IF(TRIM('ตารางเวร'!$B$16)<>"",999999999,AC24) | AX24: =IF(TRIM('ตารางเวร'!$B$17)<>"",999999999,AD24) | AY24: =IF(TRIM('ตารางเวร'!$B$18)<>"",999999999,AE24) | AZ24: =IF(TRIM('ตารางเวร'!$B$19)<>"",999999999,AF24) | BA24: =IF(TRIM('ตารางเวร'!$B$20)<>"",999999999,AG24) | BB24: =IF(TRIM('ตารางเวร'!$B$21)<>"",999999999,AH24) | BC24: =IF(TRIM('ตารางเวร'!$B$22)<>"",999999999,AI24) | BD24: =IF(TRIM('ตารางเวร'!$B$23)<>"",999999999,AJ24) | BE24: =IF(TRIM('ตารางเวร'!$B$24)<>"",999999999,AK24) | BF24: =IF(TRIM('ตารางเวร'!$B$25)<>"",999999999,AL24) | BG24: =IF(TRIM('ตารางเวร'!$B$26)<>"",999999999,AM24) | BH24: =IF(TRIM('ตารางเวร'!$B$27)<>"",999999999,AN24) | BI24: =IF(TRIM('ตารางเวร'!$B$28)<>"",999999999,AO24) | BJ24: =IF(TRIM('ตารางเวร'!$B$29)<>"",999999999,AP24) | BK24: =IF(AND($B24=1,C24<>"",NOT(ISNUMBER(FIND("*",C24)))),1,999999) | BL24: =IF(AND($B24=1,D24<>"",NOT(ISNUMBER(FIND("*",D24)))),2,999999) | BM24: =IF(AND($B24=1,E24<>"",NOT(ISNUMBER(FIND("*",E24)))),3,999999) | BN24: =IF(AND($B24=1,F24<>"",NOT(ISNUMBER(FIND("*",F24)))),4,999999) | BO24: =IF(AND($B24=1,G24<>"",NOT(ISNUMBER(FIND("*",G24)))),5,999999) | BP24: =IF(AND($B24=1,H24<>"",NOT(ISNUMBER(FIND("*",H24)))),6,999999) | BQ24: =IF(AND($B24=1,I24<>"",NOT(ISNUMBER(FIND("*",I24)))),7,999999) | BR24: =IF(AND($B24=1,J24<>"",NOT(ISNUMBER(FIND("*",J24)))),8,999999) | BS24: =IF(AND($B24=1,K24<>"",NOT(ISNUMBER(FIND("*",K24)))),9,999999) | BT24: =IF(AND($B24=1,L24<>"",NOT(ISNUMBER(FIND("*",L24)))),10,999999) | BU24: =IF(AND($B24=1,M24<>"",NOT(ISNUMBER(FIND("*",M24)))),11,999999) | BV24: =IF(AND($B24=1,N24<>"",NOT(ISNUMBER(FIND("*",N24)))),12,999999) | BW24: =IF(AND($B24=1,O24<>"",NOT(ISNUMBER(FIND("*",O24)))),13,999999) | BX24: =IF(AND($B24=1,P24<>"",NOT(ISNUMBER(FIND("*",P24)))),14,999999) | BY24: =IF(AND($B24=1,Q24<>"",NOT(ISNUMBER(FIND("*",Q24)))),15,999999) | BZ24: =IF(AND($B24=1,R24<>"",NOT(ISNUMBER(FIND("*",R24)))),16,999999) | CA24: =IF(AND($B24=1,S24<>"",NOT(ISNUMBER(FIND("*",S24)))),17,999999) | CB24: =IF(AND($B24=1,T24<>"",NOT(ISNUMBER(FIND("*",T24)))),18,999999) | CC24: =IF(AND($B24=1,U24<>"",NOT(ISNUMBER(FIND("*",U24)))),19,999999) | CD24: =IF(AND($B24=1,V24<>"",NOT(ISNUMBER(FIND("*",V24)))),20,999999) | CE24: =IF(MIN(AQ24:BJ24)>=999999999,0,MATCH(MIN(AQ24:BJ24),AQ24:BJ24,0)) | CF24: =IF($CE24=1,999999999,W24) | CG24: =IF($CE24=2,999999999,X24) | CH24: =IF($CE24=3,999999999,Y24) | CI24: =IF($CE24=4,999999999,Z24) | CJ24: =IF($CE24=5,999999999,AA24) | CK24: =IF($CE24=6,999999999,AB24) | CL24: =IF($CE24=7,999999999,AC24) | CM24: =IF($CE24=8,999999999,AD24) | CN24: =IF($CE24=9,999999999,AE24) | CO24: =IF($CE24=10,999999999,AF24) | CP24: =IF($CE24=11,999999999,AG24) | CQ24: =IF($CE24=12,999999999,AH24) | CR24: =IF($CE24=13,999999999,AI24) | CS24: =IF($CE24=14,999999999,AJ24) | CT24: =IF($CE24=15,999999999,AK24) | CU24: =IF($CE24=16,999999999,AL24) | CV24: =IF($CE24=17,999999999,AM24) | CW24: =IF($CE24=18,999999999,AN24) | CX24: =IF($CE24=19,999999999,AO24) | CY24: =IF($CE24=20,999999999,AP24) | CZ24: =COUNTIF(W24:AP24,"<999999999") | DA24: =COUNTIF(BK24:CD24,"<999999") | DB24: =$CZ24-IF($CE24>0,1,0) | DC24: =IF(OR($B24=0,C24=""),0,DC23+1) | DD24: =IF(OR($B24=0,D24=""),0,DD23+1) | DE24: =IF(OR($B24=0,E24=""),0,DE23+1) | DF24: =IF(OR($B24=0,F24=""),0,DF23+1) | DG24: =IF(OR($B24=0,G24=""),0,DG23+1) | DH24: =IF(OR($B24=0,H24=""),0,DH23+1) | DI24: =IF(OR($B24=0,I24=""),0,DI23+1) | DJ24: =IF(OR($B24=0,J24=""),0,DJ23+1) | ... DV24: =IF(OR($B24=0,V24=""),0,DV23+1) | DW24: ='ตารางเวร'!X$7 | DX24: =IF($B24=0,0,IF(WEEKDAY('ตารางเวร'!X$6,2)=IFERROR(MATCH('ตารางเวร'!$AM$11,'ตารางเวร'!$AO$10:$AO$17,0),0),1,0))
