Workbook

Sheet วิธีใช้
B2: ระบบหาพิกัดร้านค้าอัตโนมัติจากที่อยู่ (ตัวอย่างผลงาน)
B3: ⚠️ ข้อมูลร้านค้าทั้งหมดในไฟล์นี้เป็นข้อมูลสมมติ สร้างขึ้นเพื่อสาธิตกลไกเท่านั้น
B5: ปัญหาที่แก้
B6: เวลาต้องดูแลร้านค้าหลายร้อยแห่งตามเส้นทางเยี่ยมร้านรายสัปดาห์ ข้อมูลที่มีมักเป็นที่อยู่แบบข้อความ
B7: ล้วนๆ ไม่มีพิกัด ทำให้วางแผนเส้นทางล่วงหน้าไม่ได้ ต้องเปิด Google Maps ค้นหาทีละร้านตอนออกหน้างาน
B8: ซึ่งเสียเวลาและพลาดง่ายเมื่อชื่อร้านซ้ำหรือที่อยู่กำกวม
B10: วิธีแก้
B11: ให้ไฟล์ Excel ค้นหาพิกัดเองจากที่อยู่ โดยเรียก API ค้นหาพิกัดของ OpenStreetMap (Nominatim)
B12: ผ่านฟังก์ชัน WEBSERVICE + FILTERXML ที่มีอยู่ใน Excel โดยตรง — ไม่ต้องติดตั้งโปรแกรมเสริม
B13: ไม่ต้องใช้มาโคร และไม่ต้องให้ผู้ใช้กดอนุญาตอะไรเลย
B15: หลักการทำงาน (คอลัมน์ L ถึง O ในชีต "รายชื่อร้าน")
B16: L — ที่อยู่เต็ม รวม ที่อยู่ + ตำบล/อำเภอ/จังหวัด + รหัสไปรษณีย์ เป็นข้อความเดียวสำหรับใช้ค้นหา
... B33: ชีต "สรุปเส้นทาง" นับจำนวนร้านแต่ละวันและจำนวนร้านที่ยังไม่มีพิกัด ให้เห็นภาพรวมก่อนออกหน้างาน

Sheet รายชื่อร้าน
A1: รายชื่อร้านค้าและพิกัด — ข้อมูลสมมติเพื่อสาธิตกลไก
A2: รหัสร้าน | B2: ชื่อร้าน | C2: วันเยี่ยม | D2: ประเภทร้าน | E2: Latitude (เดิม) | F2: Longitude (เดิม) | G2: ที่อยู่ | H2: ตำบล/อำเภอ/จังหวัด | I2: รหัสไปรษณีย์ | J2: ผู้ติดต่อ | K2: เบอร์โทร | L2: ที่อยู่เต็ม (สูตร) | M2: Latitude สุดท้าย | N2: Longitude สุดท้าย | O2: เปิดแผนที่
A3: DEMO-001 | B3: ร้านชำลุงมา | C3: จันทร์ | D3: ร้านของชำ | E3: 18.8055 | F3: 98.967 | G3: 12/3 ถ.มรกต | H3: ต.ช้างเผือก อ.เมืองเชียงใหม่ จ.เชียงใหม่ | I3: 50300 | J3: สมชาย ใจดี | K3: 08x-xxx-1201 | L3: =TRIM(G3&" "&H3&" "&I3) | M3: =IF(E3<>"",E3,IFERROR(VALUE(FILTERXML(WEBSERVICE("https://nominatim.openstreetmap.org/search?format=xml&limit=1&q="&ENCODEURL(L3)),"//place/@lat")),"ไม่พบพิกัด")) | N3: =IF(F3<>"",F3,IFERROR(VALUE(FILTERXML(WEBSERVICE("https://nominatim.openstreetmap.org/search?format=xml&limit=1&q="&ENCODEURL(L3)),"//place/@lon")),"ไม่พบพิกัด")) | O3: =IF(AND(ISNUMBER(M3),ISNUMBER(N3)),HYPERLINK("https://www.google.com/maps?q="&M3&","&N3,"เปิดหมุด"),HYPERLINK("https://www.google.com/maps/search/"&ENCODEURL(L3),"ค้นหาเอง"))
A4: DEMO-002 | B4: มินิมาร์ทบ้านสวน | C4: จันทร์ | D4: มินิมาร์ท | E4: 18.7978 | F4: 98.9665 | G4: 45 ถ.นิมมานเหมินท์ | H4: ต.สุเทพ อ.เมืองเชียงใหม่ จ.เชียงใหม่ | I4: 50200 | J4: วราภรณ์ แสงทอง | K4: 08x-xxx-1202 | L4: =TRIM(G4&" "&H4&" "&I4) | M4: =IF(E4<>"",E4,IFERROR(VALUE(FILTERXML(WEBSERVICE("https://nominatim.openstreetmap.org/search?format=xml&limit=1&q="&ENCODEURL(L4)),"//place/@lat")),"ไม่พบพิกัด")) | N4: =IF(F4<>"",F4,IFERROR(VALUE(FILTERXML(WEBSERVICE("https://nominatim.openstreetmap.org/search?format=xml&limit=1&q="&ENCODEURL(L4)),"//place/@lon")),"ไม่พบพิกัด")) | O4: =IF(AND(ISNUMBER(M4),ISNUMBER(N4)),HYPERLINK("https://www.google.com/maps?q="&M4&","&N4,"เปิดหมุด"),HYPERLINK("https://www.google.com/maps/search/"&ENCODEURL(L4),"ค้นหาเอง"))
A5: DEMO-003 | B5: คาเฟ่ริมคลอง | C5: จันทร์ | D5: ร้านอาหาร/คาเฟ่ | E5: 18.8019 | F5: 98.9511 | G5: 239/7 ถ.ห้วยแก้ว | H5: ต.สุเทพ อ.เมืองเชียงใหม่ จ.เชียงใหม่ | I5: 50200 | J5: ธนกร ทองสุข | K5: 08x-xxx-1203 | L5: =TRIM(G5&" "&H5&" "&I5) | M5: =IF(E5<>"",E5,IFERROR(VALUE(FILTERXML(WEBSERVICE("https://nominatim.openstreetmap.org/search?format=xml&limit=1&q="&ENCODEURL(L5)),"//place/@lat")),"ไม่พบพิกัด")) | N5: =IF(F5<>"",F5,IFERROR(VALUE(FILTERXML(WEBSERVICE("https://nominatim.openstreetmap.org/search?format=xml&limit=1&q="&ENCODEURL(L5)),"//place/@lon")),"ไม่พบพิกัด")) | O5: =IF(AND(ISNUMBER(M5),ISNUMBER(N5)),HYPERLINK("https://www.google.com/maps?q="&M5&","&N5,"เปิดหมุด"),HYPERLINK("https://www.google.com/maps/search/"&ENCODEURL(L5),"ค้นหาเอง"))
A6: DEMO-004 | B6: โชห่วยป้าน้อย | C6: อังคาร | D6: ร้านของชำ | E6: 18.8144 | F6: 98.9456 | G6: 17 ม.2 ถ.สุเทพ | H6: ต.สุเทพ อ.เมืองเชียงใหม่ จ.เชียงใหม่ | I6: 50200 | J6: นงลักษณ์ ศรีวรรณ | K6: 08x-xxx-1204 | L6: =TRIM(G6&" "&H6&" "&I6) | M6: =IF(E6<>"",E6,IFERROR(VALUE(FILTERXML(WEBSERVICE("https://nominatim.openstreetmap.org/search?format=xml&limit=1&q="&ENCODEURL(L6)),"//place/@lat")),"ไม่พบพิกัด")) | N6: =IF(F6<>"",F6,IFERROR(VALUE(FILTERXML(WEBSERVICE("https://nominatim.openstreetmap.org/search?format=xml&limit=1&q="&ENCODEURL(L6)),"//place/@lon")),"ไม่พบพิกัด")) | O6: =IF(AND(ISNUMBER(M6),ISNUMBER(N6)),HYPERLINK("https://www.google.com/maps?q="&M6&","&N6,"เปิดหมุด"),HYPERLINK("https://www.google.com/maps/search/"&ENCODEURL(L6),"ค้นหาเอง"))
A7: DEMO-005 | B7: ร้านสหกรณ์ชุมชน | C7: อังคาร | D7: สหกรณ์/โรงเรียน | E7: 18.8072 | F7: 98.9569 | G7: 88 ถ.ช้างเผือก | H7: ต.ช้างเผือก อ.เมืองเชียงใหม่ จ.เชียงใหม่ | I7: 50300 | J7: ประยุทธ์ คำมูล | K7: 08x-xxx-1205 | L7: =TRIM(G7&" "&H7&" "&I7) | M7: =IF(E7<>"",E7,IFERROR(VALUE(FILTERXML(WEBSERVICE("https://nominatim.openstreetmap.org/search?format=xml&limit=1&q="&ENCODEURL(L7)),"//place/@lat")),"ไม่พบพิกัด")) | N7: =IF(F7<>"",F7,IFERROR(VALUE(FILTERXML(WEBSERVICE("https://nominatim.openstreetmap.org/search?format=xml&limit=1&q="&ENCODEURL(L7)),"//place/@lon")),"ไม่พบพิกัด")) | O7: =IF(AND(ISNUMBER(M7),ISNUMBER(N7)),HYPERLINK("https://www.google.com/maps?q="&M7&","&N7,"เปิดหมุด"),HYPERLINK("https://www.google.com/maps/search/"&ENCODEURL(L7),"ค้นหาเอง"))
A8: DEMO-006 | B8: มินิมาร์ทสี่แยกใหม่ | C8: อังคาร | D8: มินิมาร์ท | G8: 102 ถ.โชตนา | H8: ต.ช้างเผือก อ.เมืองเชียงใหม่ จ.เชียงใหม่ | I8: 50300 | J8: อารีย์ พงษ์ไทย | K8: 08x-xxx-1206 | L8: =TRIM(G8&" "&H8&" "&I8) | M8: =IF(E8<>"",E8,IFERROR(VALUE(FILTERXML(WEBSERVICE("https://nominatim.openstreetmap.org/search?format=xml&limit=1&q="&ENCODEURL(L8)),"//place/@lat")),"ไม่พบพิกัด")) | N8: =IF(F8<>"",F8,IFERROR(VALUE(FILTERXML(WEBSERVICE("https://nominatim.openstreetmap.org/search?format=xml&limit=1&q="&ENCODEURL(L8)),"//place/@lon")),"ไม่พบพิกัด")) | O8: =IF(AND(ISNUMBER(M8),ISNUMBER(N8)),HYPERLINK("https://www.google.com/maps?q="&M8&","&N8,"เปิดหมุด"),HYPERLINK("https://www.google.com/maps/search/"&ENCODEURL(L8),"ค้นหาเอง"))
A9: DEMO-007 | B9: ร้านกาแฟหน้าวัด | C9: พุธ | D9: ร้านอาหาร/คาเฟ่ | G9: 9/1 ถ.มณีนพรัตน์ | H9: ต.ศรีภูมิ อ.เมืองเชียงใหม่ จ.เชียงใหม่ | I9: 50200 | J9: กิตติ ชัยวงศ์ | K9: 08x-xxx-1207 | L9: =TRIM(G9&" "&H9&" "&I9) | M9: =IF(E9<>"",E9,IFERROR(VALUE(FILTERXML(WEBSERVICE("https://nominatim.openstreetmap.org/search?format=xml&limit=1&q="&ENCODEURL(L9)),"//place/@lat")),"ไม่พบพิกัด")) | N9: =IF(F9<>"",F9,IFERROR(VALUE(FILTERXML(WEBSERVICE("https://nominatim.openstreetmap.org/search?format=xml&limit=1&q="&ENCODEURL(L9)),"//place/@lon")),"ไม่พบพิกัด")) | O9: =IF(AND(ISNUMBER(M9),ISNUMBER(N9)),HYPERLINK("https://www.google.com/maps?q="&M9&","&N9,"เปิดหมุด"),HYPERLINK("https://www.google.com/maps/search/"&ENCODEURL(L9),"ค้นหาเอง"))
A10: DEMO-008 | B10: ของฝากแม่ริม | C10: พุธ | D10: ของฝาก | G10: 76/1 ม.7 ถ.แม่ริม-สะเมิง | H10: ต.ริมใต้ อ.แม่ริม จ.เชียงใหม่ | I10: 50180 | J10: สุดา อินต๊ะ | K10: 08x-xxx-1208 | L10: =TRIM(G10&" "&H10&" "&I10) | M10: =IF(E10<>"",E10,IFERROR(VALUE(FILTERXML(WEBSERVICE("https://nominatim.openstreetmap.org/search?format=xml&limit=1&q="&ENCODEURL(L10)),"//place/@lat")),"ไม่พบพิกัด")) | N10: =IF(F10<>"",F10,IFERROR(VALUE(FILTERXML(WEBSERVICE("https://nominatim.openstreetmap.org/search?format=xml&limit=1&q="&ENCODEURL(L10)),"//place/@lon")),"ไม่พบพิกัด")) | O10: =IF(AND(ISNUMBER(M10),ISNUMBER(N10)),HYPERLINK("https://www.google.com/maps?q="&M10&","&N10,"เปิดหมุด"),HYPERLINK("https://www.google.com/maps/search/"&ENCODEURL(L10),"ค้นหาเอง"))
A11: DEMO-009 | B11: ร้านชำบ้านทุ่ง | C11: พุธ | D11: ร้านของชำ | G11: 54/2 ม.3 | H11: ต.แม่สา อ.แม่ริม จ.เชียงใหม่ | I11: 50180 | J11: บุญมี ตาคำ | K11: 08x-xxx-1209 | L11: =TRIM(G11&" "&H11&" "&I11) | M11: =IF(E11<>"",E11,IFERROR(VALUE(FILTERXML(WEBSERVICE("https://nominatim.openstreetmap.org/search?format=xml&limit=1&q="&ENCODEURL(L11)),"//place/@lat")),"ไม่พบพิกัด")) | N11: =IF(F11<>"",F11,IFERROR(VALUE(FILTERXML(WEBSERVICE("https://nominatim.openstreetmap.org/search?format=xml&limit=1&q="&ENCODEURL(L11)),"//place/@lon")),"ไม่พบพิกัด")) | O11: =IF(AND(ISNUMBER(M11),ISNUMBER(N11)),HYPERLINK("https://www.google.com/maps?q="&M11&","&N11,"เปิดหมุด"),HYPERLINK("https://www.google.com/maps/search/"&ENCODEURL(L11),"ค้นหาเอง"))
A12: DEMO-010 | B12: มินิมาร์ทสายสัมพันธ์ | C12: พฤหัสบดี | D12: มินิมาร์ท | G12: 65/3 ม.12 | H12: ต.แม่สา อ.แม่ริม จ.เชียงใหม่ | I12: 50180 | J12: จันทร์เพ็ญ ดวงดี | K12: 08x-xxx-1210 | L12: =TRIM(G12&" "&H12&" "&I12) | M12: =IF(E12<>"",E12,IFERROR(VALUE(FILTERXML(WEBSERVICE("https://nominatim.openstreetmap.org/search?format=xml&limit=1&q="&ENCODEURL(L12)),"//place/@lat")),"ไม่พบพิกัด")) | N12: =IF(F12<>"",F12,IFERROR(VALUE(FILTERXML(WEBSERVICE("https://nominatim.openstreetmap.org/search?format=xml&limit=1&q="&ENCODEURL(L12)),"//place/@lon")),"ไม่พบพิกัด")) | O12: =IF(AND(ISNUMBER(M12),ISNUMBER(N12)),HYPERLINK("https://www.google.com/maps?q="&M12&","&N12,"เปิดหมุด"),HYPERLINK("https://www.google.com/maps/search/"&ENCODEURL(L12),"ค้นหาเอง"))
A13: DEMO-011 | B13: ร้านอาหารต้นน้ำ | C13: พฤหัสบดี | D13: ร้านอาหาร/คาเฟ่ | G13: 138/4 ม.6 | H13: ต.สันทราย อ.สันทราย จ.เชียงใหม่ | I13: 50210 | J13: วิชัย มณีรัตน์ | K13: 08x-xxx-1211 | L13: =TRIM(G13&" "&H13&" "&I13) | M13: =IF(E13<>"",E13,IFERROR(VALUE(FILTERXML(WEBSERVICE("https://nominatim.openstreetmap.org/search?format=xml&limit=1&q="&ENCODEURL(L13)),"//place/@lat")),"ไม่พบพิกัด")) | N13: =IF(F13<>"",F13,IFERROR(VALUE(FILTERXML(WEBSERVICE("https://nominatim.openstreetmap.org/search?format=xml&limit=1&q="&ENCODEURL(L13)),"//place/@lon")),"ไม่พบพิกัด")) | O13: =IF(AND(ISNUMBER(M13),ISNUMBER(N13)),HYPERLINK("https://www.google.com/maps?q="&M13&","&N13,"เปิดหมุด"),HYPERLINK("https://www.google.com/maps/search/"&ENCODEURL(L13),"ค้นหาเอง"))
A14: DEMO-012 | B14: ร้านชำสามแยก | C14: พฤหัสบดี | D14: ร้านของชำ | G14: 24 ม.2 | H14: ต.หนองหอย อ.เมืองเชียงใหม่ จ.เชียงใหม่ | I14: 50000 | J14: สมพร แก้วมา | K14: 08x-xxx-1212 | L14: =TRIM(G14&" "&H14&" "&I14) | M14: =IF(E14<>"",E14,IFERROR(VALUE(FILTERXML(WEBSERVICE("https://nominatim.openstreetmap.org/search?format=xml&limit=1&q="&ENCODEURL(L14)),"//place/@lat")),"ไม่พบพิกัด")) | N14: =IF(F14<>"",F14,IFERROR(VALUE(FILTERXML(WEBSERVICE("https://nominatim.openstreetmap.org/search?format=xml&limit=1&q="&ENCODEURL(L14)),"//place/@lon")),"ไม่พบพิกัด")) | O14: =IF(AND(ISNUMBER(M14),ISNUMBER(N14)),HYPERLINK("https://www.google.com/maps?q="&M14&","&N14,"เปิดหมุด"),HYPERLINK("https://www.google.com/maps/search/"&ENCODEURL(L14),"ค้นหาเอง"))
A15: DEMO-013 | B15: คาเฟ่ดอยหลวง | C15: ศุกร์ | D15: ร้านอาหาร/คาเฟ่ | G15: 40/5 ม.11 | H15: ต.แม่แรม อ.แม่ริม จ.เชียงใหม่ | I15: 50180 | J15: นภา สุริยะ | K15: 08x-xxx-1213 | L15: =TRIM(G15&" "&H15&" "&I15) | M15: =IF(E15<>"",E15,IFERROR(VALUE(FILTERXML(WEBSERVICE("https://nominatim.openstreetmap.org/search?format=xml&limit=1&q="&ENCODEURL(L15)),"//place/@lat")),"ไม่พบพิกัด")) | N15: =IF(F15<>"",F15,IFERROR(VALUE(FILTERXML(WEBSERVICE("https://nominatim.openstreetmap.org/search?format=xml&limit=1&q="&ENCODEURL(L15)),"//place/@lon")),"ไม่พบพิกัด")) | O15: =IF(AND(ISNUMBER(M15),ISNUMBER(N15)),HYPERLINK("https://www.google.com/maps?q="&M15&","&N15,"เปิดหมุด"),HYPERLINK("https://www.google.com/maps/search/"&ENCODEURL(L15),"ค้นหาเอง"))
A16: DEMO-014 | B16: มินิมาร์ทตลาดเช้า | C16: ศุกร์ | D16: มินิมาร์ท | G16: 163/1 ถ.แม่วาง | H16: ต.บ้านกาด อ.แม่วาง จ.เชียงใหม่ | I16: 50360 | J16: เสาวลักษณ์ ปันดี | K16: 08x-xxx-1214 | L16: =TRIM(G16&" "&H16&" "&I16) | M16: =IF(E16<>"",E16,IFERROR(VALUE(FILTERXML(WEBSERVICE("https://nominatim.openstreetmap.org/search?format=xml&limit=1&q="&ENCODEURL(L16)),"//place/@lat")),"ไม่พบพิกัด")) | N16: =IF(F16<>"",F16,IFERROR(VALUE(FILTERXML(WEBSERVICE("https://nominatim.openstreetmap.org/search?format=xml&limit=1&q="&ENCODEURL(L16)),"//place/@lon")),"ไม่พบพิกัด")) | O16: =IF(AND(ISNUMBER(M16),ISNUMBER(N16)),HYPERLINK("https://www.google.com/maps?q="&M16&","&N16,"เปิดหมุด"),HYPERLINK("https://www.google.com/maps/search/"&ENCODEURL(L16),"ค้นหาเอง"))
A17: DEMO-015 | B17: ร้านของชำปลายทาง | C17: ศุกร์ | D17: ร้านของชำ | G17: 14 ม.1 | H17: ต.แม่วิน อ.แม่วาง จ.เชียงใหม่ | I17: 50360 | J17: ทองดี ไชยา | K17: 08x-xxx-1215 | L17: =TRIM(G17&" "&H17&" "&I17) | M17: =IF(E17<>"",E17,IFERROR(VALUE(FILTERXML(WEBSERVICE("https://nominatim.openstreetmap.org/search?format=xml&limit=1&q="&ENCODEURL(L17)),"//place/@lat")),"ไม่พบพิกัด")) | N17: =IF(F17<>"",F17,IFERROR(VALUE(FILTERXML(WEBSERVICE("https://nominatim.openstreetmap.org/search?format=xml&limit=1&q="&ENCODEURL(L17)),"//place/@lon")),"ไม่พบพิกัด")) | O17: =IF(AND(ISNUMBER(M17),ISNUMBER(N17)),HYPERLINK("https://www.google.com/maps?q="&M17&","&N17,"เปิดหมุด"),HYPERLINK("https://www.google.com/maps/search/"&ENCODEURL(L17),"ค้นหาเอง"))

Sheet สรุปเส้นทาง
B2: สรุปเส้นทางเยี่ยมร้านรายสัปดาห์
B4: วันเยี่ยม | C4: จำนวนร้าน | D4: ยังไม่มีพิกัดเดิม | E4: สัดส่วนที่ต้องค้นหา
B5: จันทร์ | C5: =COUNTIF('รายชื่อร้าน'!$C$3:$C$17,$B5) | D5: =COUNTIFS('รายชื่อร้าน'!$C$3:$C$17,$B5,'รายชื่อร้าน'!$E$3:$E$17,"") | E5: =IF($C5=0,"-",TEXT($D5/$C5,"0%"))
B6: อังคาร | C6: =COUNTIF('รายชื่อร้าน'!$C$3:$C$17,$B6) | D6: =COUNTIFS('รายชื่อร้าน'!$C$3:$C$17,$B6,'รายชื่อร้าน'!$E$3:$E$17,"") | E6: =IF($C6=0,"-",TEXT($D6/$C6,"0%"))
B7: พุธ | C7: =COUNTIF('รายชื่อร้าน'!$C$3:$C$17,$B7) | D7: =COUNTIFS('รายชื่อร้าน'!$C$3:$C$17,$B7,'รายชื่อร้าน'!$E$3:$E$17,"") | E7: =IF($C7=0,"-",TEXT($D7/$C7,"0%"))
B8: พฤหัสบดี | C8: =COUNTIF('รายชื่อร้าน'!$C$3:$C$17,$B8) | D8: =COUNTIFS('รายชื่อร้าน'!$C$3:$C$17,$B8,'รายชื่อร้าน'!$E$3:$E$17,"") | E8: =IF($C8=0,"-",TEXT($D8/$C8,"0%"))
B9: ศุกร์ | C9: =COUNTIF('รายชื่อร้าน'!$C$3:$C$17,$B9) | D9: =COUNTIFS('รายชื่อร้าน'!$C$3:$C$17,$B9,'รายชื่อร้าน'!$E$3:$E$17,"") | E9: =IF($C9=0,"-",TEXT($D9/$C9,"0%"))
B10: รวม | C10: =SUM(C5:C9) | D10: =SUM(D5:D9) | E10: =IF($C10=0,"-",TEXT($D10/$C10,"0%"))
B12: ตัวเลขคอลัมน์ "ยังไม่มีพิกัดเดิม" คือจำนวนแถวที่ระบบต้องเรียก API ค้นหาให้
B13: ใช้ประเมินเวลาโหลดครั้งแรกได้ (Nominatim จำกัดราว 1 คำขอ/วินาที)
